"id","character","classification","actor","billing"
"/title/tt0063462/","Carmen Ghia","Gay","Andreas Voutsinas",NA
"/title/tt0063462/","Roger De Bris","Gay","Christopher Hewett",NA
"/title/tt0083745/","Joanne","Trans woman","Karen Black",3
"/title/tt0086320/","Angela Baker","Trans woman","Felissa Rose",1
"/title/tt0102395/","Hollywood Montrose","Gay","Meshach Taylor",3
"/title/tt0118111/","Corky St. Clair","Gay","Christopher Guest",6
"/title/tt0130444/","Felice Schragenheim","Lesbian","Maria Schrader",1
"/title/tt0212889/","Dorothy Nelson","Lesbian","Brittany Murphy",2
"/title/tt0250425/","Holiday Heart","Gay","Ving Rhames",1
"/title/tt0241527/","Albus Dumbledore","Gay","Richard Harris",1
"/title/tt0166924/","Rita","Bisexual","Laura Elena Harring",4
"/title/tt0166924/","Betty Elms","Lesbian","Naomi Watts",1
"/title/tt0257850/","Matthew Shepard","Gay","",1
"/title/tt0401248/","Parinya Charoenphol","Trans woman","Asanee Suwan",1
"/title/tt1104733/","Rand Posin [4]","Gay","Skylar Astin",4
"/title/tt0324013/","Calpernia Addams","Trans woman","Lee Pace",2
"/title/tt0350146/","Patricia Porker","Bisexual","Erin Brown",1
"/title/tt0448075/","Gabriel Noone","Gay","Robin Williams",1
"/title/tt0823158/","Shel","Gay","John Stamos",1
"/title/tt1073510/","Bobby Griffith","Gay","Ryan Kelley",3
"/title/tt0206420/","Monica Jones","Trans woman","Harold Perrineau Jr.",3
"/title/tt2278871/","Adèle","Bisexual","Adèle Exarchopoulos",NA
"/title/tt2278871/","Emma","Lesbian","L_a Seydoux",1
"/title/tt2278871/","Lise","Lesbian","Mona Walravens",7
"/title/tt1684226/","Alexander ""Ned"" Weeks","Gay","Mark Ruffalo",1
"/title/tt1684226/","Felix Turner","Gay","Matt Bomer",15
"/title/tt1684226/","Dr. Emma Brookner","Lesbian","Julia Roberts",11
"/title/tt0074123/","Gilbert (""L'Epervier"")","Gay","Bruno Cremer",2
"/title/tt0115856/","Michel","Gay","Olivier Py",4
"/title/tt0116126/","Loc Dog","Bisexual","Marlon Wayans",2
"/title/tt0296042/","Kakihara","Bisexual","Tadanobu Asano",1
"/title/tt0338290/","Roy / Ruth Applewood","Trans woman","Tom Wilkinson",5
"/title/tt0257516/","Bo","Gay","Milo Ventimiglia",8
"/title/tt0332375/","Dean","Gay","Chad Faust",7
"/title/tt0332375/","Mitch","Gay","Kett Turton",11
"/title/tt1603789/","Kafka","Bisexual","Byron Pang",1
"/title/tt1603789/","Daniel","Gay","Thomas Price",2
"/title/tt1906518/","Pie","Bisexual","Sushar Manaying",1
"/title/tt1906518/","Kim","Lesbian","Supanart Jittaleela",2
"/title/tt1189073/","Cristina","Lesbian","Bàrbara Lennie",10
"/title/tt0850677/","Diane","Lesbian","Juno Temple",1
"/title/tt0850677/","Jack","Lesbian","Riley Keough",6
"/title/tt2617828/","Marc Borgmann","Bisexual","Hanno Koffler",1
"/title/tt2617828/","Kay Engel","Gay","Max Riemelt",2
"/title/tt3318220/","Marc","Gay","Ko Zandvliet",2
"/title/tt3318220/","Sieger","Gay","Gijs Blom",1
"/title/tt4292596/","Aritz","Gay","Jorge Clemente",2
"/title/tt4613254/","Kristjàn","Gay","Bl_r Hinriksson",NA
"/title/tt0077729/","Elvira Weishaupt","Trans woman","Volker Spengler",1
"/title/tt0083366/","Bunny Wigglesworth","Gay","George Hamilton",1
"/title/tt0084865/","Richard DiNardo","Bisexual","Malcolm Jamieson",14
"/title/tt0084865/","'Squash' Bernstein","Gay","Alex Karras",5
"/title/tt0084865/","Carroll ""Toddy"" Todd","Gay","Robert Preston",3
"/title/tt0110148/","Louis de Pointe du Lac","Bisexual","Brad Pitt",1
"/title/tt0111309/","Jeff Mitchell","Gay","Russell Crowe",2
"/title/tt0114682/","Chi-Chi Rodriguez","Gay","John Leguizamo",3
"/title/tt0114682/","Noxeema Jackson","Gay","Wesley Snipes",1
"/title/tt0114682/","Vida Boheme","Gay","Patrick Swayze",2
"/title/tt0119360/","Howard Brackett","Gay","Kevin Kline",1
"/title/tt0119360/","Peter Malloy","Gay","Tom Selleck",3
"/title/tt0166175/","Nazir Khan","Gay","Ian Aspinall",9
"/title/tt0297884/","Frank Whitaker","Gay","Dennis Quaid",2
"/title/tt0367631/","Lucy Diamond","Lesbian","Jordana Brewster",2
"/title/tt0926084/","Albus Dumbledore","Gay","Michael Gambon",NA
"/title/tt1201607/","Albus Dumbledore","Gay","Michael Gambon",2
"/title/tt1564367/","Ian Maxtone-Jones","Gay","Dave Matthews",8
"/title/tt3978720/","Adam","Gay","Evan Todd",2
"/title/tt4163224/","Jade","Lesbian","Tess Christiansen",3
"/title/tt2660888/","Hikaru Sulu","Gay","John Cho",6
"/title/tt5612742/","TJ","Gay","Luke Bilyk",11
"/title/tt0032976/","Danvers","Lesbian","Judith Anderson",4
"/title/tt0033870/","Joel Cairo","Gay","Peter Lorre",4
"/title/tt0037000/","Russell Paxton","Gay","Mischa Auer",6
"/title/tt0040746/","Brandon Shaw","Gay","John Dall",2
"/title/tt0040746/","Phillip Morgan","Gay","Farley Granger",3
"/title/tt0045826/","Glenda","Trans woman","Ed Wood",6
"/title/tt0048545/","John ""Plato"" Crawford","Gay","Sal Mineo",3
"/title/tt0054743/","Martha Dobie","Lesbian","Shirley MacLaine",2
"/title/tt0055597/","Melville Farr","Gay","Dirk Bogarde",1
"/title/tt0058150/","Pussy Galore","Lesbian","Honor Blackman",3
"/title/tt0063293/","Ricciolo (Curly)","Gay","Jack Palance",NA
"/title/tt0063585/","Albert Callan","Gay","Rod Steiger",1
"/title/tt0064665/","Joe Buck","Bisexual","Jon Voight",2
"/title/tt0064118/","Konstantin von Essenbeck","Gay","Reinhard Kolldehoff",7
"/title/tt0065466/","Ronnie ""Z-Man"" Barzell","Trans man","John LaZar",4
"/title/tt0066115/","Irving ""Blaggot"" Amadeus","Gay","Calvin Lockhart",9
"/title/tt0066115/","Myra Breckinridge","Trans woman","Raquel Welch",3
"/title/tt0066518/","Carmilla Karnstein","Lesbian","Ingrid Pitt",1
"/title/tt0067690/","Countess Bathory","Lesbian","Delphine Seyrig",1
"/title/tt0067328/","Coach Popper","Gay","Bill Thurman",13
"/title/tt0068327/","Baron Maximilian Von Heune","Bisexual","Helmut Griem",3
"/title/tt0068327/","Brian Roberts","Bisexual","Michael York",2
"/title/tt0072890/","Sonny Wortzik","Bisexual","Al Pacino",11
"/title/tt0072890/","Leon Shermer","Trans woman","Chris Sarandon",NA
"/title/tt0073629/","Brad Majors","Bisexual","Barry Bostwick",3
"/title/tt0073629/","Rocky","Bisexual","Peter Hinwood",8
"/title/tt0073629/","Dr. Frank-N-Furter","Trans woman","Tim Curry",1
"/title/tt0075294/","Lord Durant","Gay","Peter Boyle",3
"/title/tt0077928/","Erich","Gay","Norbert Weisser",7
"/title/tt0079470/","Loretta","Trans woman","Eric Idle",4
"/title/tt0081562/","Rory Schultebrand","Gay","Georg Stanford Brown",3
"/title/tt0084565/","Georges Querelle","Bisexual","Brad Davis",1
"/title/tt0084917/","Roberta Muldoon","Trans woman","John Lithgow",4
"/title/tt0088000/","Lamar","Gay","Larry B. Scott",6
"/title/tt0089424/","Luis Molina","Gay","William Hurt",1
"/title/tt0091578/","Johnny","Gay","Daniel Day-Lewis",1
"/title/tt0091578/","Omar Ali","Gay","Gordon Warnecke",7
"/title/tt0090756/","Frank Booth","Pansexual","Dennis Hopper",3
"/title/tt0093407/","Clay Easton","Bisexual","Andrew McCarthy",1
"/title/tt0093493/","Hollywood Montrose","Gay","Meshach Taylor",9
"/title/tt0093512/","Alec Scudder","Gay","Rupert Graves",3
"/title/tt0093512/","Clive Durham","Gay","Hugh Grant",2
"/title/tt0093512/","Maurice Hall","Gay","James Wilby",1
"/title/tt0100150/","Bernie Bernbaum","Gay","John Turturro",3
"/title/tt0100150/","Eddie Dane","Gay","J.E. Freeman",5
"/title/tt0100150/","Mink Larouie","Gay","Steve Buscemi",11
"/title/tt0101921/","Ruth Jamison","Bisexual","Mary-Louise Parker",3
"/title/tt0101921/","Idgie Threadgoode","Lesbian","Mary Stuart Masterson",2
"/title/tt0102138/","Willie O'Keefe","Gay","Kevin Bacon",NA
"/title/tt0102494/","Mike Waters","Gay","River Phoenix",1
"/title/tt0102951/","Montana Moorehead","Trans woman","Cathy Moriarty",4
"/title/tt0102926/","Jame Gumb","Bisexual","Ted Levine",NA
"/title/tt0103772/","Catherine Tramell","Bisexual","Sharon Stone",2
"/title/tt0103772/","Dr. Beth Garner","Bisexual","Jeanne Tripplehorn",4
"/title/tt0103772/","Roxy","Lesbian","Leilani Sarelle",6
"/title/tt0105130/","Peter Morton","Gay","Stephen Fry",3
"/title/tt0104036/","Dil","Trans woman","Jaye Davidson",8
"/title/tt0107818/","Andrew Beckett","Gay","Tom Hanks",1
"/title/tt0107818/","Miguel Alvarez","Gay","Antonio Banderas",NA
"/title/tt0107156/","Wai-Tung Gao","Gay","Winston Chao",4
"/title/tt0109831/","Gareth","Gay","Simon Callow",3
"/title/tt0109831/","Matthew","Gay","John Hannah",4
"/title/tt0110912/","Zed","Gay","Peter Greene",NA
"/title/tt0112508/","Principal Max Anderson","Gay","Josh Mostel",5
"/title/tt0112637/","Lytton Strachey","Gay","Jonathan Pryce",2
"/title/tt0113321/","Tommy Larson","Gay","Robert Downey Jr.",2
"/title/tt0113463/","Richard Cosway","Gay","Simon Callow",NA
"/title/tt0113464/","Darius","Gay","Bryan Batt",NA
"/title/tt0113464/","Jeffrey","Gay","Steven Weber",1
"/title/tt0113464/","Sterling","Gay","Patrick Stewart",11
"/title/tt0113464/","Steve Howard","Gay","Michael T. Weiss",7
"/title/tt0114436/","Cristal Connors","Bisexual","Gina Gershon",3
"/title/tt0114436/","Nomi Malone","Bisexual","Elizabeth Berkley",1
"/title/tt0112887/","Jordan White","Bisexual","James Duval",1
"/title/tt0112887/","Xavier ""X"" Red","Bisexual","Johnathon Schaech",3
"/title/tt0113416/","Evie Roy","Lesbian","Nicole Ari Parker",8
"/title/tt0113416/","Randy Dean","Lesbian","Laurel Holloman",1
"/title/tt0115640/","Ste Pearce","Gay","Scott Neal",6
"/title/tt0115814/","Arno Hintjens","Gay","Arno Hintjens",9
"/title/tt0115814/","Harry","Gay","",1
"/title/tt0115906/","Diane Siegler","Lesbian","Swoosie Kurtz",2
"/title/tt0116324/","Tony Kent","Bisexual","Josh Brolin",9
"/title/tt0116324/","Paul Harmon","Gay","Richard Jenkins",8
"/title/tt0113314/","Tom Dixon","Gay","Ian Hart",3
"/title/tt0116594/","Candy Darling","Trans woman","Stephen Dorff",NA
"/title/tt0116714/","Donner","Gay","Lukas Haas",2
"/title/tt0117666/","Vaughn Cunningham","Gay","John Ritter",4
"/title/tt0115685/","Agador","Gay","Hank Azaria",7
"/title/tt0115685/","Albert Goldman","Gay","Nathan Lane",3
"/title/tt0115685/","Armand Goldman","Gay","Robin Williams",1
"/title/tt0118586/","Claude","Lesbian","Alison Folland",1
"/title/tt0118586/","Lucy","Lesbian","Leisha Hailey",5
"/title/tt0118586/","Luke","Lesbian","Pat Briggs",6
"/title/tt0119822/","Simon Bishop","Gay","Greg Kinnear",3
"/title/tt0118655/","Frau Farbissina","Lesbian","Mindy Sterling",8
"/title/tt0118749/","Scotty J.","Gay","Philip Seymour Hoffman",NA
"/title/tt0118842/","Alyssa Jones","Bisexual","Joey Lauren Adams",7
"/title/tt0118842/","Banky Edwards","Gay","Jason Lee",4
"/title/tt0118842/","Hooper X","Gay","Dwight Ewell",6
"/title/tt0119590/","Ludo Fabre","Trans woman","Georges Du Fresne",4
"/title/tt0119668/","The Lady Chablis","Trans woman","The Lady Chablis",8
"/title/tt0119738/","George Downes","Gay","Rupert Everett",4
"/title/tt0126810/","Leo","Bisexual","Kevin McKidd",1
"/title/tt0144120/","David Collins","Gay","Gordon Michael Woolvett",6
"/title/tt0138414/","Eric Hunter","Gay","Chris Stafford",1
"/title/tt0162973/","John Dixon","Gay","Brad Gorton",2
"/title/tt0162973/","Steven Carter","Gay","Ben Silverstone",1
"/title/tt0138487/","Ari","Gay","Alex Dimitriades",1
"/title/tt0139362/","Syd","Bisexual","Radha Mitchell",1
"/title/tt0139362/","Greta","Lesbian","Patricia Clarkson",7
"/title/tt0139362/","Lucy Berliner","Lesbian","Ally Sheedy",6
"/title/tt0150662/","Agnes Ahlberg","Lesbian","Rebecka Liljeberg",2
"/title/tt0120772/","George Hanson","Gay","Paul Rudd",1
"/title/tt0120879/","Arthur Stuart","Bisexual","Christian Bale",3
"/title/tt0120879/","Brian Slade","Bisexual","Jonathan Rhys Meyers",2
"/title/tt0120879/","Curt Wild","Bisexual","Ewan McGregor",1
"/title/tt0120879/","Mandy Slade","Bisexual","Toni Collette",4
"/title/tt0185125/","Nina Cruz","Bisexual","Candela Pe_a",NA
"/title/tt0185125/","Huma Rojo","Lesbian","Marisa Paredes",2
"/title/tt0185125/","Agrado","Trans woman","Antonia San Juan",4
"/title/tt0185125/","Lola","Trans woman","Toni CantÑ",8
"/title/tt0169547/","Frank Fitts","Gay","Chris Cooper",8
"/title/tt0169547/","Jim Berkley","Gay","Sam Robards",10
"/title/tt0169547/","Jim Olmeyer","Gay","Scott Bakula",9
"/title/tt0145660/","Frau Farbissina","Lesbian","Mindy Sterling",7
"/title/tt0168987/","Judy","Trans woman","Peter Outerbridge",10
"/title/tt0142342/","Phil D'Amato","Gay","Allen Covert",8
"/title/tt0142342/","Tommy Grayton","Gay","Peter Dante",12
"/title/tt0124298/","Troy","Gay","Dave Foley",5
"/title/tt0171804/","Brandon Teena","Trans man","Hilary Swank",1
"/title/tt0179116/","Andre","Gay","Douglas Spain",NA
"/title/tt0179116/","Clayton Dunn","Gay","Kip Pardue",NA
"/title/tt0179116/","Dolph","Gay","Dante Basco",NA
"/title/tt0179116/","Joel Goldberg","Gay","Joel Michaely",15
"/title/tt0179116/","Larry Morgan-Gordon","Gay","Richard Moll",NA
"/title/tt0179116/","Lloyd Morgan-Gordon","Gay","Wesley Mann",NA
"/title/tt0179116/","Mike","Gay","RuPaul",6
"/title/tt0179116/","Rock Brown","Gay","Eddie Cibrian",10
"/title/tt0179116/","Graham Eaton","Lesbian","Clea DuVall",12
"/title/tt0179116/","Hilary Vandermuller","Lesbian","Melanie Lynskey",11
"/title/tt0179116/","Kelly","Lesbian","Ione Skye (uncredited)",NA
"/title/tt0179116/","Megan Bloomfield","Lesbian","Natasha Lyonne",1
"/title/tt0179116/","Sinead Laren","Lesbian","Katharine Towne",14
"/title/tt0126886/","Tammy Metzler","Lesbian","Jessica Campbell",4
"/title/tt0155711/","Rusty Zimmerman","Trans woman","Philip Seymour Hoffman",2
"/title/tt0175880/","Quiz Kid Donnie Smith","Gay","William H. Macy",NA
"/title/tt0162677/","Ritchie","Bisexual","Adrien Brody",2
"/title/tt0144117/","Paul Smecker","Gay","Willem Dafoe",1
"/title/tt0134119/","Tom Ripley","Bisexual","Matt Damon",1
"/title/tt0162710/","Gabriel","Gay","Christian Campbell",2
"/title/tt0162710/","Mark","Gay","John Paul Pitoc",3
"/title/tt0144084/","Luis Carruthers","Gay","Matt Ross",8
"/title/tt0247196/","Pepe Malas","Gay","Andrea Di Stefano",NA
"/title/tt0247196/","Reinaldo Arenas","Gay","Javier Bardem",NA
"/title/tt0247196/","Tomas Diego","Gay","Santiago Magill",NA
"/title/tt0247196/","Bon Bon","Trans woman","Johnny Depp",NA
"/title/tt0218839/","Scott Donlan","Gay","John Michael Higgins",14
"/title/tt0218839/","Stefan Vanderhoof","Gay","Michael McKean",13
"/title/tt0218839/","Christy Cummings","Lesbian","Jane Lynch",NA
"/title/tt0218839/","Sherri Ann Ward Cabot","Lesbian","Jennifer Coolidge",NA
"/title/tt0249462/","Michael Caffrey","Gay","Stuart Wells",5
"/title/tt0204946/","Leslie ""Les""","Gay","Huntley Ritter",10
"/title/tt0200530/","Buck O'Brien","Gay","Mike White",1
"/title/tt0175142/","Bobby Prinze","Gay","Jon Abrahams",10
"/title/tt0185014/","Terry ""Crabs"" Crabtree","Bisexual","Robert Downey Jr.",4
"/title/tt0185014/","James Leer","Gay","Tobey Maguire",2
"/title/tt0221027/","Derek Foreal","Gay","Paul Reubens",5
"/title/tt0251110/","Clive Webb","Gay","Kett Turton",2
"/title/tt0248845/","Luther Robinson","Gay","Maurice Dean Wint",14
"/title/tt0248845/","Hedwig Robinson/Hansel","Trans woman","John Cameron Mitchell",1
"/title/tt0264761/","Helen Cooper","Bisexual","Heather Juergensen",NA
"/title/tt0264761/","Martin","Gay","Michael Mastro",NA
"/title/tt0264761/","Sebastian","Gay","Carson Elrod",NA
"/title/tt0245238/","Victoria ""Tori"" Moller","Lesbian","Jessica Par_",NA
"/title/tt0245238/","Pauline Oster","Lesbian/Pansexual","Piper Perabo",1
"/title/tt0257106/","Ray Wilkins","Bisexual","Shawn Wayans",NA
"/title/tt0243133/","Creighton Tolliver","Gay","Jon Polito",6
"/title/tt0265666/","Margot Tennenbaum","Bisexual","Gwyneth Paltrow",4
"/title/tt0243655/","Ben","Gay","Bradley Cooper",NA
"/title/tt0243655/","McKinley","Gay","Michael Ian Black",13
"/title/tt0295178/","Frau Farbissina","Lesbian","Mindy Sterling",6
"/title/tt0286499/","Tony","Gay","Ameet Chana",10
"/title/tt0295297/","Albus Dumbledore","Gay","Richard Harris",NA
"/title/tt0303361/","May Dove Canady","Bisexual","Angela Bettis",1
"/title/tt0303361/","Ambrosia","Lesbian","Nichole Hiltz",5
"/title/tt0303361/","Polly","Lesbian","Anna Faris",3
"/title/tt0303361/","Polly","Lesbian","Anna Faris",3
"/title/tt0274558/","Clarissa Vaughan","Bisexual","Meryl Streep",3
"/title/tt0274558/","Richard Brown","Gay","Ed Harris",NA
"/title/tt0274558/","Sally Lester","Lesbian","Allison Janney",NA
"/title/tt0292644/","Paul Denton","Gay","Ian Somerhalder",6
"/title/tt0310281/","Mark Shubb","Trans woman","Harry Shearer",12
"/title/tt0374506/","Nino","Gay","Surya Saputra",4
"/title/tt0374506/","Sakti","Gay","Tora Sudiro",2
"/title/tt0363589/","Alex","Gay","Alex Frost",1
"/title/tt0363589/","Eric","Gay","Eric Deulen",2
"/title/tt0345551/","Aaron Davis","Gay","Steve Sandvoss",1
"/title/tt0345551/","Christian Markelli","Gay","Wes Ramsey",2
"/title/tt0320244/","Keoki","Bisexual","Wilmer Valderrama",8
"/title/tt0320244/","Michael Alig","Bisexual","Macaulay Culkin",2
"/title/tt0320244/","James St. James","Gay","Seth Green",1
"/title/tt0320244/","Christina","Trans woman","Marilyn Manson",5
"/title/tt0328589/","Patti","Lesbian","Sandra Oh",2
"/title/tt0359423/","Jonathan Glover","Gay","Harris Allan/Dallas Roberts",9
"/title/tt0275491/","Enrique Goded","Gay","Fele MartÕnez",2
"/title/tt0275491/","Father Manolo","Gay","Daniel Gim_nez Cacho",NA
"/title/tt0275491/","Ignacio Rodriguez","Gay","Francisco Boira",6
"/title/tt0275491/","Zahara","Trans woman","Gael GarcÕa Bernal",1
"/title/tt0317198/","Rebecca Gilles","Lesbian","Jacinda Barrett",NA
"/title/tt0364725/","Kate Veatch","Bisexual","Christine Taylor",2
"/title/tt0304141/","Albus Dumbledore","Gay","Michael Gambon",NA
"/title/tt0377092/","Damian","Gay","Daniel Franzese",9
"/title/tt0370986/","Neil McCormick","Gay","Joseph Gordon-Levitt",11
"/title/tt0384504/","Willhelmina Pang","Lesbian","Michelle Krusiec",1
"/title/tt0387575/","Glen / Glenda Ray","Genderqueer","Billy Boyd",3
"/title/tt0362270/","Alistair Hennessey","Bisexual","Jeff Goldblum",6
"/title/tt0381707/","Aubrey Allure","Gay","Kevin Blatch",NA
"/title/tt0377471/","Elliot Wilhelm","Gay","Dwayne Johnson",13
"/title/tt0411195/","Patrick ""Kitten"" Braden","Trans woman","Cillian Murphy",1
"/title/tt0388795/","Ennis Del Mar","Gay/Bisexual","Heath Ledger",1
"/title/tt0388795/","Jack Twist","Gay/Bisexual","Jake Gyllenhaal",2
"/title/tt0401085/","Zachary Beaulieu","Bisexual","Marc-Andr_ Grondin",2
"/title/tt0379725/","Truman Capote","Gay","Philip Seymour Hoffman",3
"/title/tt0330373/","Albus Dumbledore","Gay","Michael Gambon",NA
"/title/tt0421994/","Rachel","Bisexual","Piper Perabo",1
"/title/tt0421994/","Luce","Lesbian","Lena Headey",2
"/title/tt0373469/","Perry Van Shrike/""Gay Perry""","Gay","Val Kilmer",2
"/title/tt0294870/","Maureen Johnson","Bisexual","Idina Menzel",6
"/title/tt0294870/","Angel Dumott Schunard","Gay","Wilson Jermaine Heredia",5
"/title/tt0294870/","Thomas B. ""Tom"" Collins","Gay","Jesse L. Martin",4
"/title/tt0294870/","Joanne Jefferson","Lesbian","Tracie Thoms",7
"/title/tt0401792/","Lucille","Lesbian","Carla Gugino",NA
"/title/tt0395251/","Carmen Ghia","Gay","Roger Bart",6
"/title/tt0395251/","Roger De Bris","Gay","Gary Beach",5
"/title/tt0407265/","Toby","Bisexual","Kevin Zegers",8
"/title/tt0407265/","Sabrina ""Bree"" Osbourne","Trans woman","Felicity Huffman",2
"/title/tt0434409/","Gordon Deitrich","Gay","Stephen Fry",4
"/title/tt0434409/","Valerie Page","Lesbian","Natasha Wightman",11
"/title/tt0396269/","Todd Cleary","Gay","Keir O'Donnell",8
"/title/tt0373450/","Vince Collins","Bisexual","Colin Firth",2
"/title/tt0443431/","Jarod","Gay","Jonathan Chase",3
"/title/tt0433350/","Alex ""X""","Gay","Derek Magyar",1
"/title/tt0433350/","Andrew","Gay","Darryl Stephens",4
"/title/tt0433350/","Gregory Talbot","Gay","Patrick Bauchau",3
"/title/tt0433350/","Joey","Gay","Jonathon Trent",6
"/title/tt0479884/","Kaylo","Gay","Efren Ramirez",4
"/title/tt0420609/","Truman Capote","Gay","Toby Jones",2
"/title/tt0454987/","Barry","Gay","Chi McBride",3
"/title/tt0454987/","Nelson Biederman IV","Gay","Will Arnett",2
"/title/tt0449059/","Frank Ginsberg","Gay","Steve Carell",6
"/title/tt0323120/","Annabelle Tillman","Lesbian","Erin Kelly",1
"/title/tt0367027/","James","Gay","Paul Dawson",2
"/title/tt0367027/","Jamie","Gay","PJ DeBoy",4
"/title/tt0466665/","Martin Waters","Gay","Sebastian Stan",5
"/title/tt0466665/","Shawn","Gay","Paul James",6
"/title/tt0476643/","Ashraf","Gay","Yousef 'Joe' Sweid",2
"/title/tt0476643/","Noam","Gay","Ohad Knoller",1
"/title/tt0476643/","Yali","Gay","Alon Friedman",4
"/title/tt0464049/","Stuart Dakin","Bisexual","Dominic Cooper",9
"/title/tt0464049/","David Posner","Gay","Samuel Barnett",10
"/title/tt0464049/","Douglas Hector","Gay","Richard Griffiths",4
"/title/tt0464049/","Tom Irwin","Gay","Stephen Campbell Moore",3
"/title/tt0445922/","Prudence","Lesbian","T.V. Carpio",6
"/title/tt0910847/","Eric McNally","Gay","Tom Cavanagh",1
"/title/tt0910847/","Sam","Gay","Ben Shenkman",2
"/title/tt0910847/","Scot","Gay","Noah Bernett",3
"/title/tt0373889/","Albus Dumbledore","Gay","Michael Gambon",NA
"/title/tt0762107/","Fred Duncan","Gay","Ving Rhames",5
"/title/tt1077258/","Dr. Dakota Block","Bisexual","Marley Shelton",4
"/title/tt0490204/","Charlie Fineman","Bisexual","Adam Sandler",1
"/title/tt0942384/","Zach","Bisexual","Trevor Wright",1
"/title/tt0942384/","Shaun","Gay","Brad Rowe",2
"/title/tt0841046/","Dewey Cox","Bisexual","John C. Reilly",2
"/title/tt0889595/","Nathan Davies","Gay","Stephan Bender",1
"/title/tt0889595/","Roy","Gay","Maximillian Roeg",5
"/title/tt0795421/","Harry Bright","Gay","Colin Firth",5
"/title/tt1013753/","Harvey Milk","Gay","Sean Penn",1
"/title/tt1032755/","Handsome Bob","Gay","Tom Hardy",6
"/title/tt0862846/","Lynn","Lesbian","Mary Lynn Rajskub",6
"/title/tt1315981/","George Falconer","Gay","Colin Firth",1
"/title/tt1352824/","Chloe Sweeney","Bisexual","Amanda Seyfried",3
"/title/tt0417741/","Albus Dumbledore","Gay","Michael Gambon",2
"/title/tt1045772/","Steven Russell","Bisexual","Jim Carrey",1
"/title/tt1045772/","Phillip Morris","Gay","Ewan Mcgregor",2
"/title/tt1032815/","Rich Munsch","Gay/Bisexual","Jack Carpenter",3
"/title/tt1131734/","Anita ""Needy"" Lesnicki","Bisexual","Amanda Seyfried",2
"/title/tt1131734/","Jennifer Check","Bisexual","Megan Fox",1
"/title/tt1288571/","Jonno","Bisexual","Tom Bott",3
"/title/tt1288571/","Cal","Gay","Wayne Virgo",1
"/title/tt1288571/","Olivier","Gay","Marc Laurent",2
"/title/tt1288571/","Scott","Gay","Garry Summers",5
"/title/tt1119646/","Leslie Chow","Bisexual","Ken Jeong",8
"/title/tt1285309/","Mick Jones","Gay","Benjamin Hollingsworth",4
"/title/tt1532503/","Hal","Gay","Christopher Plummer",2
"/title/tt1282140/","Brandon","Gay","Dan Byrd",4
"/title/tt1523483/","Hunter","Bisexual","Jason Olive",8
"/title/tt1523483/","Rex","Bisexual","Andy Fischer-Price",6
"/title/tt1523483/","Smith","Bisexual","Thomas Dekker",1
"/title/tt1523483/","Oliver","Gay","Brennan Mejia",10
"/title/tt1523483/","Lorelei","Lesbian","Roxane Mesquida",4
"/title/tt1523483/","Stella","Lesbian","Haley Bennett",2
"/title/tt0446029/","Ramona Flowers","Bisexual","Mary Elizabeth Winstead",9
"/title/tt0446029/","Stephen Stills","Gay","Mark Webber",3
"/title/tt0446029/","Wallace Wells","Gay","Kieran Culkin",6
"/title/tt0446029/","Roxanne ""Roxy"" Richter","Lesbian","Mae Whitman",NA
"/title/tt1261945/","Erin","Lesbian","Alice Eve",NA
"/title/tt0842926/","Nic","Lesbian","Annette Bening",2
"/title/tt0842926/","Jules","Lesbian","Julianne Moore",1
"/title/tt1320244/","Logan","Gay","Logan Craig Reid",15
"/title/tt0817230/","Holden Wilson","Gay","Bradley Cooper",4
"/title/tt0817230/","Sean Jackson","Gay","Eric Dane",5
"/title/tt1616195/","J. Edgar Hoover","Gay","Leonardo DiCaprio",1
"/title/tt1625150/","Gino","Bisexual","Mathias Vergels",13
"/title/tt1625150/","Pim","Gay","Jelle Florizoone",11
"/title/tt1412386/","Graham Dashwood","Gay","Tom Wilkinson",2
"/title/tt1568346/","Miriam ""Mimi"" Wu","Lesbian/Bisexual","Elodie Yung",NA
"/title/tt1568346/","Lisbeth Salander","Pansexual","Rooney Mara",2
"/title/tt1411697/","Leslie Chow","Bisexual","Ken Jeong",5
"/title/tt1411697/","Kimberly ""Kimmy""","Trans woman","Yasmin Lee",15
"/title/tt1371111/","Robert Frobisher","Bisexual","Ben Whishaw",7
"/title/tt1371111/","Rufus Sixsmith","Gay","James D'Arcy",9
"/title/tt0249516/","Vlad Chocul","Gay","Larry Miller",7
"/title/tt1650048/","Laurence Alia","Trans woman","Melvil Poupaud",1
"/title/tt1074638/","Raoul Silva","Bisexual","Javier Bardem",3
"/title/tt1659337/","Brad","Gay","Johnny Simmons",5
"/title/tt1659337/","Patrick","Gay","Ezra Miller",11
"/title/tt2230358/","Jill","Lesbian","Maitland McConnell",6
"/title/tt0790636/","Rayon","Trans woman","Jared Leto",3
"/title/tt2429074/","Brent Van Camp","Gay","Paul Iacono",2
"/title/tt2429074/","Tanner Daniels","Gay","Michael J. Willett",1
"/title/tt2235902/","Russell Middlebrook","Gay","Cameron Deane Stewart",1
"/title/tt1528071/","Eric Hannity","Gay","Michael Adamthwaite",10
"/title/tt1650554/","Insect-Man","Gay","Robert Emms",NA
"/title/tt1311071/","Allen Ginsberg","Bisexual","Daniel Radcliffe",1
"/title/tt1311071/","Lucien Carr","Gay","Dane DeHaan",2
"/title/tt2132285/","Marc Hall","Gay","Israel Broussard",2
"/title/tt1951261/","Leslie Chow","Bisexual","Ken Jeong",5
"/title/tt1538403/","Magnus Bane","Bisexual","Godfrey Gao",8
"/title/tt1538403/","Alec Lightwood","Gay","Kevin Zegers",3
"/title/tt2235108/","Lionel Higgins","Gay","Tyler James Williams",1
"/title/tt1555440/","Colby Robson","Lesbian","Gabrielle Christian",6
"/title/tt1555440/","Daisy Robson","Lesbian","Lisa Rieffel",1
"/title/tt1555440/","Misty Monroe","Lesbian","Mandy Musgrave",7
"/title/tt1555440/","Sid","Lesbian","Kate French",13
"/title/tt2870808/","Sasha Weiss","Lesbian","Leighton Meester",1
"/title/tt2910274/","Joey","Gay","Gabe Liedman",7
"/title/tt2084970/","Alan Turing","Gay","Benedict Cumberbatch",1
"/title/tt2084970/","Christopher Morcom","Gay","Jack Bannon",15
"/title/tt3387648/","Sarah Logan","Lesbian","Anne Ramsay",2
"/title/tt4158624/","Ray","Trans man","Elle Fanning",1
"/title/tt2402927/","Carol Aird","Lesbian/Bisexual","Cate Blanchett",1
"/title/tt2402927/","Therese Belivet","Lesbian/Bisexual","Rooney Mara",2
"/title/tt4270516/","Elle Reid","Lesbian","Lily Tomlin",1
"/title/tt4270516/","Deathy","Trans woman","Laverne Cox",7
"/title/tt3569230/","Ronnie Kray","Gay","Tom Hardy",2
"/title/tt3569230/","Teddy Smith","Gay","Taron Egerton",NA
"/title/tt3824458/","Alexandra","Trans woman","Mya Taylor",2
"/title/tt3824458/","Sin-Dee Rella","Trans woman","Kitana Kiki Rodriguez",1
"/title/tt0810819/","Lili Elbe","Trans woman","Eddie Redmayne",2
"/title/tt4932154/","Nicholas","Bisexual","Jannik SchÙmann",10
"/title/tt4932154/","Phil","Gay","Louis Hofmann",3
"/title/tt4932154/","Pascal","Lesbian","Nina Proll",12
"/title/tt4932154/","Tereza","Lesbian","Inka Friedrich",6
"/title/tt1431045/","Deadpool (Wade Wilson)","Pansexual","Ryan Reynolds",1
"/title/tt3520216/","Charlie Green","Gay","Josh Green",5
"/title/tt3520216/","James Grant","Gay","Michael Grant",2
"/title/tt5016946/","Conor Masters","Gay","Nicholas Galitzine",14
"/title/tt5016946/","Dan Sherry","Gay","Andrew Scott",11
"/title/tt5129682/","Brent Corrigan","Gay","Garrett Clayton",1
"/title/tt5129682/","Bryan Kocis","Gay","Christian Slater",2
"/title/tt5129682/","Harlow Cuadra","Gay","Keegan Allen",5
"/title/tt5129682/","Joe Kerekes","Gay","James Franco",6
"/title/tt5129682/","Mikey","Gay","Spencer Lofranco",9
"/title/tt4975722/","Kevin Jones","Bisexual","Andr_ Holland",NA
"/title/tt4975722/","Chiron Harris (""Little""/""Black"")","Gay","Trevante Rhodes, Ashton Sanders, Alex Hibbart",NA
"/title/tt4438848/","Pete Regazolli","Gay","Dave Franco",7
"/title/tt1386697/","Harley Quinn","Bisexual","Margot Robbie",4
"/title/tt1974419/","Ruby","Lesbian","Jena Malone",3
"/title/tt5639354/","Marina Vidal","Trans woman","Daniela Vega",1
"/title/tt2406566/","Lorraine Broughton","Bisexual","Charlize Theron",1
"/title/tt2406566/","Delphine Lasalle","Lesbian","Sofia Boutella",8
"/title/tt4622512/","Billie Jean King","Lesbian","Emma Stone",1
"/title/tt4622512/","Marilyn Bennett","Lesbian","Andrea Riseborough",3
"/title/tt2771200/","LeFou","Gay","Josh Gad",4
"/title/tt5726616/","Elio Perlman","Bisexual","Timoth_e Chalamet",NA
"/title/tt5726616/","Oliver","Bisexual","Armie Hammer",1
"/title/tt5635086/","Gheorghe Ionescu","Gay","Alec Secareanu",5
"/title/tt5635086/","Johnny Saxby","Gay","Josh O'Connor",1
"/title/tt3717490/","Trini Kwan","Lesbian/Bisexual","Becky G",5
"/title/tt6053440/","Cyd","Bisexual","Jessie Pinnick",2
"/title/tt6053440/","Katie","Lesbian/queer","Malic White",3
"/title/tt4799050/","Blair","Bisexual","ZoÔ Kravitz",3
"/title/tt4799050/","Frankie","Lesbian","Ilana Glazer",4
"/title/tt3501632/","Valkyrie","Bisexual","Tessa Thompson",6
"/title/tt5164432/","Cal Price","Bisexual","Miles Heizer",12
"/title/tt5164432/","Bram Greenfeld","Gay","Keiynan Lonsdale",7
"/title/tt5164432/","Simon Spier","Gay","Nick Robinson",1
"/title/tt6257174/","Cameron Post","Lesbian","ChloÔ Grace Moretz",1
