"id","title","input","release_date","mpaa_rating","imdb_rating","num_votes","genre_drama","genre_comedy","genre_action","genre_romance","genre_adventure","genre_thriller"
"/title/tt0063462/","The Producers","lgbt","1968-11-10","PG","7.7",43860,0,1,0,0,0,0
"/title/tt0063462/","The Producers","lgbt","1968-11-10","PG","7.7",43860,0,1,0,0,0,0
"/title/tt0083745/","Come Back to the 5 & Dime, Jimmy Dean, Jimmy Dean","lgbt","1983-05-04","PG","7.5",3451,1,1,0,0,0,0
"/title/tt0086320/","Sleepaway Camp","lgbt","1983-11-18","R","6.3",19304,0,0,0,0,0,1
"/title/tt0102395/","Mannequin: On the Move","lgbt","1991-05-17","PG","4.1",4995,0,1,0,0,1,0
"/title/tt0118111/","Waiting for Guffman","lgbt","1997-01-31","R","7.6",23966,0,1,0,0,0,0
"/title/tt0130444/","Aimee & Jaguar","lgbt","1999-02-11","NOT RATED","7.3",5561,1,0,0,1,0,0
"/title/tt0212889/","Common Ground","lgbt","2000-01-29","R","7.4",913,1,0,0,0,0,0
"/title/tt0250425/","Holiday Heart","lgbt","2000-12-10","R","7.7",967,1,0,0,0,0,0
"/title/tt0241527/","Harry Potter and the Sorcerer's Stone","lgbt","2001-11-16","PG","7.6",520235,0,0,0,0,1,0
"/title/tt0166924/","Mulholland Dr.","lgbt","2001-10-19","R","8.0",272303,1,0,0,0,0,1
"/title/tt0257850/","The Laramie Project","lgbt","2002-03-09","TV-14","7.3",5755,1,0,0,0,0,1
"/title/tt0401248/","Beautiful Boxer","lgbt","2004-04-29","UNRATED","7.1",2931,1,0,1,0,0,0
"/title/tt1104733/","Hamlet 2","lgbt","2008-08-27","R","6.4",15850,0,1,0,0,0,0
"/title/tt0324013/","Soldier's Girl","lgbt","2003-05-31","R","7.9",5735,1,0,0,0,0,1
"/title/tt0350146/","SpiderBabe","lgbt","2005-05-27","R","4.3",761,0,1,0,0,1,0
"/title/tt0448075/","The Night Listener","lgbt","2006-08-04","R","5.9",13604,0,0,0,0,0,1
"/title/tt0823158/","Wedding Wars","lgbt","2006-12-11",NA,"6.1",1728,1,1,0,1,0,0
"/title/tt1073510/","Prayers for Bobby","lgbt","2009-01-24","TV-14","8.1",13437,1,0,0,1,0,0
"/title/tt0206420/","Woman on Top","lgbt","2000-09-22","R","5.3",9169,0,1,0,1,1,0
"/title/tt2278871/","Blue Is the Warmest Color","lgbt","2013-10-09","NC-17","7.8",112944,1,0,0,1,0,0
"/title/tt1684226/","The Normal Heart","lgbt","2014-05-25","TV-MA","7.9",29331,1,0,0,1,0,0
"/title/tt0074123/","Hunter Will Get You","lgbt","1980-06",NA,"6.6",1460,0,0,1,0,0,1
"/title/tt0115856/","When the Cat's Away","lgbt","1997-06-20","R","6.9",2990,0,1,0,1,0,0
"/title/tt0116126/","Don't Be a Menace to South Central While Drinking Your Juice in the Hood","lgbt","1996-01-12","R","6.6",42004,0,1,0,0,0,1
"/title/tt0296042/","Koroshiya 1","lgbt","2002-07-25","R","7.1",46243,0,1,1,0,0,1
"/title/tt0338290/","Normal","lgbt","2003-03-16",NA,"7.1",2995,1,0,0,0,0,0
"/title/tt0257516/","Cursed","lgbt","2005-02-25","PG-13","5.0",27823,0,1,0,0,0,1
"/title/tt0332375/","Saved!","lgbt","2004-06-11","PG-13","6.8",42048,1,1,0,0,0,0
"/title/tt1603789/","An fei ta ming","lgbt","2010-04-08",NA,"5.5",719,1,0,0,1,0,0
"/title/tt1906518/","Yes or No: Yaak Rak Gaw Rak Loey","lgbt","2010-12-16",NA,"7.0",1373,0,1,0,1,0,0
"/title/tt1189073/","La piel que habito","lgbt","2011-09-02","R","7.6",116021,1,0,0,0,0,1
"/title/tt0850677/","Jack & Diane","lgbt","2012-04-20","R","4.5",2409,1,0,0,1,0,1
"/title/tt2617828/","Freier Fall","lgbt","2013-05-23","NOT RATED","7.6",14089,1,0,0,1,0,0
"/title/tt3318220/","Jongens","lgbt","2014-02-09","NOT RATED","7.5",9138,1,0,0,1,0,0
"/title/tt4292596/","Los héroes del mal","lgbt","2016-01-21",NA,"6.2",625,1,0,0,0,0,0
"/title/tt4613254/","Hjartasteinn","lgbt","2016-12-28","UNRATED","7.5",2555,1,0,0,0,0,0
"/title/tt0077729/","In a Year with 13 Moons","lgbt","1980-06-11","NOT RATED","7.7",2911,1,0,0,0,0,0
"/title/tt0083366/","Zorro: The Gay Blade","lgbt","1981-07-17","PG","6.1",3533,0,1,1,0,1,0
"/title/tt0084865/","Victor Victoria","lgbt","1982-03-19","PG","7.6",16750,0,1,0,0,0,0
"/title/tt0110148/","Interview with the Vampire: The Vampire Chronicles","lgbt","1994-11-11","R","7.6",260743,1,0,0,0,0,1
"/title/tt0111309/","The Sum of Us","lgbt","1995-03-08","R","7.4",4622,1,1,0,0,0,0
"/title/tt0114682/","To Wong Foo Thanks for Everything, Julie Newmar","lgbt","1995-09-08","PG-13","6.4",23984,1,1,0,0,0,0
"/title/tt0119360/","In & Out","lgbt","1997-09-19","PG-13","6.3",34589,0,1,0,1,0,0
"/title/tt0166175/","East Is East","lgbt","2000-06-02","R","6.9",15597,1,1,0,0,0,0
"/title/tt0297884/","Far from Heaven","lgbt","2003-01-10","PG-13","7.4",39270,1,0,0,0,0,0
"/title/tt0367631/","D.E.B.S.","lgbt","2005-03-25","PG-13","5.3",13157,0,1,1,1,0,0
"/title/tt0926084/","Harry Potter and the Deathly Hallows: Part 1","lgbt","2010-11-19","PG-13","7.7",385585,0,0,0,0,1,0
"/title/tt1201607/","Harry Potter and the Deathly Hallows: Part 2","lgbt","2011-07-15","PG-13","8.1",637193,1,0,0,0,1,0
"/title/tt1564367/","Just Go with It","lgbt","2011-02-11","PG-13","6.4",190517,0,1,0,1,0,0
"/title/tt3978720/","Fourth Man Out","lgbt","2016-02-05","UNRATED","6.6",6799,1,1,0,0,0,0
"/title/tt4163224/","Most Likely to Die","lgbt","2016-04-25",NA,"4.0",3044,0,0,0,0,0,1
"/title/tt2660888/","Star Trek: Beyond","lgbt","2016-07-22","PG-13","7.1",191750,0,0,1,0,1,0
"/title/tt5612742/","F*&% the Prom","lgbt","2017-12-05","NOT RATED","4.8",1638,0,1,0,0,0,0
"/title/tt0032976/","Rebecca","lgbt","1940-04-12","NOT RATED","8.2",102600,1,0,0,1,0,1
"/title/tt0033870/","The Maltese Falcon","lgbt","1941-10-18","NOT RATED","8.1",130923,0,0,0,0,0,1
"/title/tt0037000/","Lady in the Dark","lgbt","1944-02-10","APPROVED","6.2",335,1,0,0,1,0,0
"/title/tt0040746/","Rope","lgbt","1948-09-25","PG","8.0",107640,1,0,0,0,0,1
"/title/tt0045826/","Glen or Glenda","lgbt","1953-04","PG","4.2",7159,1,0,0,0,0,0
"/title/tt0048545/","Rebel Without a Cause","lgbt","1955-10-29","PG-13","7.8",71407,1,0,0,0,0,0
"/title/tt0054743/","The Children's Hour","lgbt","1961-12-19","NOT RATED","7.8",11960,1,0,0,1,0,0
"/title/tt0055597/","Victim","lgbt","1961-10-11","NOT RATED","7.8",4051,1,0,0,0,0,0
"/title/tt0058150/","Goldfinger","lgbt","1965-01-09","PG","7.7",151124,0,0,1,0,1,1
"/title/tt0063293/","The Mercenary","lgbt","1969-04-22","PG-13","7.3",3125,0,1,0,0,0,0
"/title/tt0063585/","The Sergeant","lgbt","1968-12-25","R","6.3",420,1,0,0,1,0,0
"/title/tt0064665/","Midnight Cowboy","lgbt","1969-06-16","R","7.9",84868,1,0,0,0,0,0
"/title/tt0064118/","The Damned","lgbt","1969-12-18","R","7.6",6264,1,0,0,0,0,0
"/title/tt0065466/","Beyond the Valley of the Dolls","lgbt","1970-06-17","NC-17","6.2",8544,1,1,0,0,0,0
"/title/tt0066115/","Myra Breckinridge","lgbt","1970-06-24","R","4.3",2439,0,1,0,0,0,0
"/title/tt0066518/","The Vampire Lovers","lgbt","1970-10-22","R","6.6",4363,0,0,0,0,0,1
"/title/tt0067690/","Daughters of Darkness","lgbt","1971-10-22","R","6.7",3442,0,0,0,0,0,1
"/title/tt0067328/","The Last Picture Show","lgbt","1971-10-22","R","8.1",35215,1,0,0,0,0,0
"/title/tt0068327/","Cabaret","lgbt","1972-02-13","PG","7.8",40702,1,0,0,0,0,0
"/title/tt0072890/","Dog Day Afternoon","lgbt","1975-12-25","R","8.0",206972,1,0,0,0,0,1
"/title/tt0073629/","The Rocky Horror Picture Show","lgbt","1975-08-31","R","7.4",115561,0,1,0,0,0,0
"/title/tt0075294/","Swashbuckler","lgbt","1976-07-29","PG","6.0",1297,0,1,1,0,1,0
"/title/tt0077928/","Midnight Express","lgbt","1978-10-06","R","7.6",61142,1,0,0,0,0,1
"/title/tt0079470/","Life of Brian","lgbt","1979-08-17","R","8.1",308862,0,1,0,0,0,0
"/title/tt0081562/","Stir Crazy","lgbt","1980-12-12","R","6.8",20825,0,1,0,0,0,1
"/title/tt0084565/","Querelle","lgbt","1982-09-08","R","6.9",4773,1,0,0,0,0,0
"/title/tt0084917/","The World According to Garp","lgbt","1982-08-13","R","7.2",22370,1,1,0,0,0,0
"/title/tt0088000/","Revenge of the Nerds","lgbt","1984-08-10","R","6.6",43347,0,1,0,0,0,0
"/title/tt0089424/","Kiss of the Spider Woman","lgbt","1985-07-26","R","7.4",12165,1,0,0,0,0,0
"/title/tt0091578/","My Beautiful Laundrette","lgbt","1986-04-04","R","6.9",11967,1,1,0,1,0,0
"/title/tt0090756/","Blue Velvet","lgbt","1986-10-23","R","7.8",151682,1,0,0,0,0,1
"/title/tt0093407/","Less Than Zero","lgbt","1987-11-06","R","6.4",15954,1,0,0,0,0,1
"/title/tt0093493/","Mannequin","lgbt","1987-02-13","PG","5.8",25213,0,1,0,1,1,0
"/title/tt0093512/","Maurice","lgbt","1987-09-18","R","7.7",12553,1,0,0,1,0,0
"/title/tt0100150/","Miller's Crossing","lgbt","1990-10-05","R","7.8",112764,1,0,0,0,0,1
"/title/tt0101921/","Fried Green Tomatoes","lgbt","1992-01-24","PG-13","7.7",57648,1,0,0,0,0,0
"/title/tt0102138/","JFK","lgbt","1991-12-20","R","8.0",124807,1,0,0,0,0,1
"/title/tt0102494/","My Own Private Idaho","lgbt","1991-07-20","R","7.1",41460,1,0,0,0,0,0
"/title/tt0102951/","Soapdish","lgbt","1991-05-31","PG-13","6.5",12595,0,1,0,1,0,0
"/title/tt0102926/","The Silence of the Lambs","lgbt","1991-02-14","R","8.6",1034154,1,0,0,0,0,1
"/title/tt0103772/","Basic Instinct","lgbt","1992-03-20","R","6.9",147918,1,0,0,0,0,1
"/title/tt0105130/","Peter's Friends","lgbt","1992-12-25","R","7.0",9255,1,1,0,1,0,0
"/title/tt0104036/","The Crying Game","lgbt","1993-02-19","R","7.3",45115,1,0,0,1,0,1
"/title/tt0107818/","Philadelphia","lgbt","1994-01-14","PG-13","7.7",196282,1,0,0,0,0,0
"/title/tt0107156/","The Wedding Banquet","lgbt","1993-08-04","R","7.7",11917,1,1,0,1,0,0
"/title/tt0109831/","Four Weddings and a Funeral","lgbt","1994-04-15","R","7.1",118771,1,1,0,1,0,0
"/title/tt0110912/","Pulp Fiction","lgbt","1994-10-14","R","8.9",1512306,1,0,0,0,0,1
"/title/tt0112508/","Billy Madison","lgbt","1995-02-10","PG-13","6.4",114946,0,1,0,0,0,0
"/title/tt0112637/","Carrington","lgbt","1995-11-10","R","6.9",4670,1,0,0,1,0,0
"/title/tt0113321/","Home for the Holidays","lgbt","1995-11-03","PG-13","6.6",10116,1,1,0,1,0,0
"/title/tt0113463/","Jefferson in Paris","lgbt","1995-03-31","PG-13","5.7",2571,1,0,0,0,0,0
"/title/tt0113464/","Jeffrey","lgbt","1995-08-18","R","6.7",5142,1,1,0,0,0,0
"/title/tt0114436/","Showgirls","lgbt","1995-09-22","NC-17","4.7",54727,1,0,0,0,0,0
"/title/tt0112887/","The Doom Generation","lgbt","1995-10-27","R","6.0",12402,0,1,1,0,0,1
"/title/tt0113416/","The Incredibly True Adventure of Two Girls in Love","lgbt","1995-06-16","R","6.5",3849,1,1,0,1,0,0
"/title/tt0115640/","Beautiful Thing","lgbt","1996-10-09","R","7.7",20279,1,1,0,1,0,0
"/title/tt0115814/","Camping Cosmos","lgbt","1996-06-19",NA,"5.5",260,0,1,0,1,1,0
"/title/tt0115906/","Citizen Ruth","lgbt","1996-12-13","R","7.0",6439,1,1,0,0,0,0
"/title/tt0116324/","Flirting with Disaster","lgbt","1996-04-12","R","6.8",16033,0,1,0,0,0,0
"/title/tt0113314/","Hollow Reed","lgbt","1997-04-18","R","7.3",967,1,0,0,1,0,0
"/title/tt0116594/","I Shot Andy Warhol","lgbt","1996-05-01","R","6.6",5825,1,0,0,0,0,0
"/title/tt0116714/","Johns","lgbt","1997-01-31","R","6.3",1552,1,0,0,1,0,0
"/title/tt0117666/","Sling Blade","lgbt","1997-03-14","R","8.0",78252,1,0,0,0,0,0
"/title/tt0115685/","The Birdcage","lgbt","1996-03-08","R","7.0",68214,0,1,0,0,0,0
"/title/tt0118586/","All Over Me","lgbt","1997-07-16","R","6.6",2914,1,0,0,1,0,1
"/title/tt0119822/","As Good as It Gets","lgbt","1997-12-25","PG-13","7.7",243288,1,1,0,1,0,0
"/title/tt0118655/","Austin Powers: International Man of Mystery","lgbt","1997-05-02","PG-13","7.0",197241,0,1,0,0,1,0
"/title/tt0118749/","Boogie Nights","lgbt","1997-10-31","R","7.9",208216,1,0,0,0,0,0
"/title/tt0118842/","Chasing Amy","lgbt","1997-04-18","R","7.3",121479,1,1,0,1,0,0
"/title/tt0119590/","Ma Vie en Rose","lgbt","1997-12-26","R","7.6",7904,1,0,0,0,0,0
"/title/tt0119668/","Midnight in the Garden of Good and Evil","lgbt","1997-11-21","R","6.6",33852,1,0,0,0,0,1
"/title/tt0119738/","My Best Friend's Wedding","lgbt","1997-06-20","PG-13","6.3",109396,1,1,0,1,0,0
"/title/tt0126810/","Bedrooms and Hallways","lgbt","1999-04-09","NOT RATED","6.4",3042,0,1,0,1,0,0
"/title/tt0144120/","Bride of Chucky","lgbt","1998-10-16","R","5.4",44629,0,1,0,0,0,1
"/title/tt0138414/","Edge of Seventeen","lgbt","2000-04-20","NOT RATED","6.8",5077,1,1,0,1,0,0
"/title/tt0162973/","Get Real","lgbt","1999-04-30","R","7.6",11340,1,1,0,1,0,0
"/title/tt0138487/","Head On","lgbt","1998-08-13","NOT RATED","6.4",3582,1,0,0,1,0,0
"/title/tt0139362/","High Art","lgbt","1998-06-12","R","6.7",9006,1,0,0,1,0,0
"/title/tt0150662/","Show Me Love","lgbt","1998-10-23","NOT RATED","7.6",45433,1,1,0,1,0,0
"/title/tt0120772/","The Object of My Affection","lgbt","1998-04-17","R","6.0",16835,1,1,0,1,0,0
"/title/tt0120879/","Velvet Goldmine","lgbt","1998-10-23","R","7.0",29845,1,0,0,0,0,0
"/title/tt0185125/","All About My Mother","lgbt","2000-03-31","R","7.9",76711,1,0,0,0,0,0
"/title/tt0169547/","American Beauty","lgbt","1999-10-01","R","8.4",931787,1,0,0,0,0,0
"/title/tt0145660/","Austin Powers: The Spy Who Shagged Me","lgbt","1999-06-11","PG-13","6.6",194925,0,1,1,0,1,0
"/title/tt0168987/","Better Than Chocolate","lgbt","1999-08-13","R","6.2",7101,1,1,0,1,0,0
"/title/tt0142342/","Big Daddy","lgbt","1999-06-25","PG-13","6.4",176211,1,1,0,0,0,0
"/title/tt0124298/","Blast from the Past","lgbt","1999-02-12","PG-13","6.6",53290,1,1,0,1,0,0
"/title/tt0171804/","Boys Don't Cry","lgbt","2000-03-31","R","7.6",83714,1,0,0,0,0,1
"/title/tt0179116/","But I'm a Cheerleader","lgbt","2000-08-11","R","6.6",21983,1,1,0,1,0,0
"/title/tt0126886/","Election","lgbt","1999-05-07","R","7.3",79604,1,1,0,1,0,0
"/title/tt0155711/","Flawless","lgbt","1999-11-24","R","6.4",15765,1,1,0,0,0,1
"/title/tt0175880/","Magnolia","lgbt","2000-01-07","R","8.0",259418,1,0,0,0,0,0
"/title/tt0162677/","Summer of Sam","lgbt","1999-07-02","R","6.6",32901,1,0,0,1,0,1
"/title/tt0144117/","The Boondock Saints","lgbt","1999-11-19","R","7.9",210025,0,0,1,0,0,1
"/title/tt0134119/","The Talented Mr. Ripley","lgbt","1999-12-25","R","7.4",152909,1,0,0,0,0,1
"/title/tt0162710/","Trick","lgbt","1999-07-23","R","7.2",7402,0,1,0,1,0,0
"/title/tt0144084/","American Psycho","lgbt","2000-04-14","R","7.6",402809,1,0,0,0,0,1
"/title/tt0247196/","Before Night Falls","lgbt","2001-02-23","R","7.3",22083,1,0,0,1,0,0
"/title/tt0218839/","Best in Show","lgbt","2000-10-20","PG-13","7.5",49310,0,1,0,0,0,0
"/title/tt0249462/","Billy Elliot","lgbt","2000-11-10","R","7.7",107065,1,0,0,1,0,0
"/title/tt0204946/","Bring It On","lgbt","2000-08-25","PG-13","6.0",76739,0,1,0,1,0,0
"/title/tt0200530/","Chuck & Buck","lgbt","2000-08-04","R","6.6",4855,1,1,0,0,0,0
"/title/tt0175142/","Scary Movie","lgbt","2000-07-07","R","6.2",204301,0,1,0,0,0,0
"/title/tt0185014/","Wonder Boys","lgbt","2000-02-25","R","7.4",57211,1,1,0,0,0,0
"/title/tt0221027/","Blow","lgbt","2001-04-06","R","7.6",215192,1,0,0,0,0,1
"/title/tt0251110/","Gypsy 83","lgbt","2001-06-06","R","7.0",1369,1,0,0,1,0,0
"/title/tt0248845/","Hedwig and the Angry Inch","lgbt","2001-08-31","R","7.8",28247,1,1,0,0,0,0
"/title/tt0264761/","Kissing Jessica Stein","lgbt","2002-04-05","R","6.6",14803,1,1,0,1,0,0
"/title/tt0245238/","Lost and Delirious","lgbt","2001-09-20","R","7.0",18265,1,0,0,1,0,0
"/title/tt0257106/","Scary Movie 2","lgbt","2001-07-04","R","5.3",131237,0,1,0,0,0,0
"/title/tt0243133/","The Man Who Wasn't There","lgbt","2001-11-16","R","7.6",92711,1,0,0,0,0,1
"/title/tt0265666/","The Royal Tenenbaums","lgbt","2002-01-04","R","7.6",232117,1,1,0,0,0,0
"/title/tt0243655/","Wet Hot American Summer","lgbt","2002-04-11","R","6.7",46787,0,1,0,1,0,0
"/title/tt0295178/","Austin Powers in Goldmember","lgbt","2002-07-26","PG-13","6.2",175519,0,1,1,0,1,0
"/title/tt0286499/","Bend It Like Beckham","lgbt","2003-08-01","PG-13","6.7",96055,1,1,0,1,0,0
"/title/tt0295297/","Harry Potter and the Chamber of Secrets","lgbt","2002-11-15","PG","7.4",450341,0,0,0,0,1,0
"/title/tt0303361/","May","lgbt","2003-04-11","R","6.7",29158,1,0,0,0,0,1
"/title/tt0274558/","The Hours","lgbt","2003-02-14","PG-13","7.6",111367,1,0,0,1,0,0
"/title/tt0292644/","The Rules of Attraction","lgbt","2002-10-11","R","6.7",46479,1,1,0,1,0,0
"/title/tt0310281/","A Mighty Wind","lgbt","2003-05-09","PG-13","7.3",23580,0,1,0,0,0,0
"/title/tt0374506/","Arisan!","lgbt","2003-12-10",NA,"7.4",656,1,1,0,0,0,0
"/title/tt0363589/","Elephant","lgbt","2003-11-14","R","7.2",76766,1,0,0,0,0,1
"/title/tt0345551/","Latter Days","lgbt","2004-07-01","R","7.1",15558,1,1,0,1,0,0
"/title/tt0320244/","Party Monster","lgbt","2003-10-17","R","6.3",13549,1,0,0,0,0,1
"/title/tt0328589/","Under the Tuscan Sun","lgbt","2003-09-26","PG-13","6.8",40354,1,1,0,1,0,0
"/title/tt0359423/","A Home at the End of the World","lgbt","2004-10-14","R","6.8",12569,1,0,0,1,0,0
"/title/tt0275491/","Bad Education","lgbt","2005-02-11","NC-17","7.5",49253,1,0,0,0,0,1
"/title/tt0317198/","Bridget Jones: The Edge of Reason","lgbt","2004-11-19","R","5.9",89125,1,1,0,1,0,0
"/title/tt0364725/","Dodgeball: A True Underdog Story","lgbt","2004-06-18","PG-13","6.7",203035,0,1,0,0,0,0
"/title/tt0304141/","Harry Potter and the Prisoner of Azkaban","lgbt","2004-06-04","PG","7.8",445564,0,0,0,0,1,0
"/title/tt0377092/","Mean Girls","lgbt","2004-04-30","PG-13","7.0",279809,0,1,0,0,0,0
"/title/tt0370986/","Mysterious Skin","lgbt","2005-06-24","UNRATED","7.7",60732,1,0,0,0,0,1
"/title/tt0384504/","Saving Face","lgbt","2005-06-24","R","7.5",8514,1,1,0,1,0,0
"/title/tt0387575/","Seed of Chucky","lgbt","2004-11-12","R","4.9",32547,0,1,0,0,1,1
"/title/tt0362270/","The Life Aquatic with Steve Zissou","lgbt","2004-12-25","R","7.3",156395,1,1,0,0,1,0
"/title/tt0381707/","White Chicks","lgbt","2004-06-23","PG-13","5.5",110837,0,1,0,0,0,1
"/title/tt0377471/","Be Cool","lgbt","2005-03-04","PG-13","5.7",62636,0,1,0,0,0,1
"/title/tt0411195/","Breakfast on Pluto","lgbt","2006-01-06","R","7.3",18815,1,1,0,0,0,0
"/title/tt0388795/","Brokeback Mountain","lgbt","2006-01-13","R","7.7",284111,1,0,0,0,0,0
"/title/tt0401085/","C.R.A.Z.Y.","lgbt","2006-03-03","NOT RATED","8.0",29232,1,1,0,0,0,0
"/title/tt0379725/","Capote","lgbt","2006-02-03","R","7.4",111285,1,0,0,0,0,1
"/title/tt0330373/","Harry Potter and the Goblet of Fire","lgbt","2005-11-18","PG-13","7.7",446837,0,0,0,0,1,0
"/title/tt0421994/","Imagine Me & You","lgbt","2006-05-25","R","6.8",25839,1,1,0,1,0,0
"/title/tt0373469/","Kiss Kiss Bang Bang","lgbt","2005-11-18","R","7.6",193241,0,1,0,0,0,1
"/title/tt0294870/","Rent","lgbt","2005-11-23","PG-13","7.0",44617,1,0,0,1,0,0
"/title/tt0401792/","Sin City","lgbt","2005-04-01","R","8.0",697737,0,0,0,0,0,1
"/title/tt0395251/","The Producers","lgbt","2005-12-25","PG-13","6.4",37234,0,1,0,0,0,0
"/title/tt0407265/","Transamerica","lgbt","2006-03-03","R","7.4",38094,1,1,0,0,1,0
"/title/tt0434409/","V for Vendetta","lgbt","2006-03-17","R","8.2",897305,1,0,1,0,0,0
"/title/tt0396269/","Wedding Crashers","lgbt","2005-07-15","R","7.0",301526,0,1,0,1,0,0
"/title/tt0373450/","Where the Truth Lies","lgbt","2005-10-07","R","6.5",15876,1,0,0,0,0,1
"/title/tt0443431/","Another Gay Movie","lgbt","2007-05-03","NOT RATED","5.0",8197,0,1,0,1,0,0
"/title/tt0433350/","Boy Culture","lgbt","2007-01-31","UNRATED","6.8",5030,1,0,0,1,0,0
"/title/tt0479884/","Crank","lgbt","2006-09-01","R","7.0",212649,0,0,1,0,0,1
"/title/tt0420609/","Infamous","lgbt","2006-10-13","R","7.1",15110,1,0,0,0,0,1
"/title/tt0454987/","Let's Go to Prison","lgbt","2006-11-17","R","6.0",21195,0,1,0,0,0,1
"/title/tt0449059/","Little Miss Sunshine","lgbt","2006-08-18","R","7.8",390525,1,1,0,0,0,0
"/title/tt0323120/","Loving Annabelle","lgbt","2007-05-24","NOT RATED","6.6",10317,1,0,0,1,0,0
"/title/tt0367027/","Shortbus","lgbt","2006-10-20","NOT RATED","6.5",29351,1,0,0,1,0,0
"/title/tt0466665/","The Architect","lgbt","2006-04-26","R","5.6",1024,1,0,0,0,0,0
"/title/tt0476643/","The Bubble","lgbt","2007-09-07","UNRATED","7.3",4994,1,1,0,1,0,0
"/title/tt0464049/","The History Boys","lgbt","2006-12-22","R","6.9",18841,1,1,0,1,0,0
"/title/tt0445922/","Across the Universe","lgbt","2007-10-12","PG-13","7.4",98181,1,0,0,0,1,0
"/title/tt0910847/","Breakfast with Scot","lgbt","2007-11-16","PG-13","6.8",2689,1,1,0,0,0,0
"/title/tt0373889/","Harry Potter and the Order of the Phoenix","lgbt","2007-07-11","PG-13","7.5",413461,0,0,0,0,1,0
"/title/tt0762107/","I Now Pronounce You Chuck & Larry","lgbt","2007-07-20","PG-13","6.0",128487,0,1,0,1,0,0
"/title/tt1077258/","Planet Terror","lgbt","2007-06-21","NOT RATED","7.1",180968,0,1,1,0,0,1
"/title/tt0490204/","Reign Over Me","lgbt","2007-03-23","R","7.5",87980,1,0,0,0,0,0
"/title/tt0942384/","Shelter","lgbt","2009-04-16","R","7.8",18117,1,0,0,1,0,0
"/title/tt0841046/","Walk Hard: The Dewey Cox Story","lgbt","2007-12-21","R","6.8",59863,0,1,0,0,0,0
"/title/tt0889595/","Dream Boy","lgbt","2008-12-11","R","6.2",3364,1,0,0,1,0,0
"/title/tt0795421/","Mamma Mia!","lgbt","2008-07-18","PG-13","6.4",163305,0,1,0,1,0,0
"/title/tt1013753/","Milk","lgbt","2009-01-30","R","7.6",148922,1,0,0,0,0,0
"/title/tt1032755/","RocknRolla","lgbt","2008-10-31","R","7.3",211538,0,0,1,0,0,1
"/title/tt0862846/","Sunshine Cleaning","lgbt","2009-04-17","R","6.9",64389,1,1,0,0,0,0
"/title/tt1315981/","A Single Man","lgbt","2010-02-05","R","7.6",95170,1,0,0,1,0,0
"/title/tt1352824/","Chloe","lgbt","2010-03-26","R","6.3",62084,1,0,0,0,0,1
"/title/tt0417741/","Harry Potter and the Half-Blood Prince","lgbt","2009-07-15","PG","7.6",378710,0,0,0,0,1,0
"/title/tt1045772/","I Love You Phillip Morris","lgbt","2011-01-07","R","6.6",84231,0,1,0,0,0,1
"/title/tt1032815/","I Love You, Beth Cooper","lgbt","2009-07-10","PG-13","5.3",30632,0,1,0,1,0,0
"/title/tt1131734/","Jennifer's Body","lgbt","2009-09-18","R","5.1",100538,0,1,0,0,0,1
"/title/tt1288571/","Shank","lgbt","2009-09-11","R","6.3",2244,1,0,0,0,0,0
"/title/tt1119646/","The Hangover","lgbt","2009-06-05","R","7.7",636687,0,1,0,0,0,0
"/title/tt1285309/","The Joneses","lgbt","2010-04-23","R","6.5",35704,1,0,0,0,0,0
"/title/tt1532503/","Beginners","lgbt","2011-06-09","R","7.2",80751,1,1,0,1,0,0
"/title/tt1282140/","Easy A","lgbt","2010-09-17","PG-13","7.1",310642,1,1,0,1,0,0
"/title/tt1523483/","Kaboom","lgbt","2010-10-06","NOT RATED","5.7",11320,0,1,0,1,0,1
"/title/tt0446029/","Scott Pilgrim vs. the World","lgbt","2010-08-13","PG-13","7.5",313246,0,1,1,1,0,0
"/title/tt1261945/","Sex and the City 2","lgbt","2010-05-27","R","4.4",65362,1,1,0,1,0,0
"/title/tt0842926/","The Kids Are All Right","lgbt","2010-07-30","R","7.0",117338,1,1,0,1,0,0
"/title/tt1320244/","The Last Exorcism","lgbt","2010-08-27","PG-13","5.6",44244,1,0,0,0,0,1
"/title/tt0817230/","Valentine's Day","lgbt","2010-02-12","PG-13","5.7",102597,0,1,0,1,0,0
"/title/tt1616195/","J. Edgar","lgbt","2011-11-11","R","6.6",111437,1,0,0,0,0,1
"/title/tt1625150/","North Sea Texas","lgbt","2012-11-02","NOT RATED","7.2",6851,1,0,0,1,0,0
"/title/tt1412386/","The Best Exotic Marigold Hotel","lgbt","2012-05-25","PG-13","7.3",81778,1,1,0,1,0,0
"/title/tt1568346/","The Girl with the Dragon Tattoo","lgbt","2011-12-21","R","7.8",366482,1,0,0,0,0,1
"/title/tt1411697/","The Hangover Part II","lgbt","2011-05-26","R","6.5",411260,0,1,0,0,0,1
"/title/tt1371111/","Cloud Atlas","lgbt","2012-10-26","R","7.5",312700,1,0,1,0,0,1
"/title/tt0249516/","Foodfight!","lgbt","2013-02-12","PG","1.7",6872,0,1,1,0,0,0
"/title/tt1650048/","Laurence Anyways","lgbt","2013-06-28","NOT RATED","7.6",14147,1,0,0,1,0,0
"/title/tt1074638/","Skyfall","lgbt","2012-11-09","PG-13","7.8",567495,0,0,1,0,1,1
"/title/tt1659337/","The Perks of Being a Wallflower","lgbt","2012-10-12","PG-13","8.0",399231,1,0,0,1,0,0
"/title/tt2230358/","Curse of Chucky","lgbt","2013-09-24","R","5.6",27977,0,0,0,0,0,1
"/title/tt0790636/","Dallas Buyers Club","lgbt","2013-11-22","R","8.0",376865,1,0,0,0,0,0
"/title/tt2429074/","G.B.F.","lgbt","2014-01-17","R","6.0",9466,0,1,0,1,0,0
"/title/tt2235902/","Geography Club","lgbt","2014-02-05","PG-13","6.6",4583,0,1,0,0,0,0
"/title/tt1528071/","Horns","lgbt","2014-10-03","R","6.5",65702,1,0,0,0,1,1
"/title/tt1650554/","Kick-Ass 2","lgbt","2013-08-16","R","6.6",225725,0,1,1,0,0,1
"/title/tt1311071/","Kill Your Darlings","lgbt","2013-09-19","R","6.5",30517,1,0,0,1,0,0
"/title/tt2132285/","The Bling Ring","lgbt","2013-06-21","R","5.6",74551,1,0,0,0,0,1
"/title/tt1951261/","The Hangover Part III","lgbt","2013-05-23","R","5.9",252918,0,1,0,0,0,1
"/title/tt1538403/","The Mortal Instruments: City of Bones","lgbt","2013-08-21","PG-13","5.9",116839,0,0,1,0,1,1
"/title/tt2235108/","Dear White People","lgbt","2014-12-04","R","6.2",22759,1,1,0,1,0,0
"/title/tt1555440/","Girltrash: All Night Long","lgbt","2014-02-01","NOT RATED","6.5",996,1,1,0,0,0,1
"/title/tt2870808/","Life Partners","lgbt","2014-11-06","R","6.2",7368,0,1,0,1,0,0
"/title/tt2910274/","Obvious Child","lgbt","2014-08-29","R","6.8",19706,1,1,0,1,0,0
"/title/tt2084970/","The Imitation Game","lgbt","2014-12-25","PG-13","8.0",571311,1,0,0,0,0,0
"/title/tt3387648/","The Taking of Deborah Logan","lgbt","2014-10-21","R","6.0",19714,0,0,0,0,0,1
"/title/tt4158624/","3 Generations","lgbt","2016-09-29","PG-13","5.7",3806,1,0,0,0,0,0
"/title/tt2402927/","Carol","lgbt","2016-01-15","R","7.2",88650,1,0,0,1,0,0
"/title/tt4270516/","Grandma","lgbt","2015-09-18","R","6.7",12649,1,1,0,0,0,0
"/title/tt3569230/","Legend","lgbt","2015-11-20","R","7.0",123642,1,0,0,0,0,1
"/title/tt3824458/","Tangerine","lgbt","2015-07-10","R","7.1",19486,1,1,0,0,0,1
"/title/tt0810819/","The Danish Girl","lgbt","2016-01-22","R","7.1",129196,1,0,0,0,0,0
"/title/tt4932154/","Center of My World","lgbt","2016-11-10","UNRATED","7.3",2090,1,0,0,0,0,0
"/title/tt1431045/","Deadpool","lgbt","2016-02-12","R","8.0",712261,0,1,1,0,1,0
"/title/tt3520216/","Fair Haven","lgbt","2017-03",NA,"6.8",904,1,0,0,0,0,0
"/title/tt5016946/","Handsome Devil","lgbt","2017-06-02",NA,"7.1",5042,1,0,0,0,0,0
"/title/tt5129682/","King Cobra","lgbt","2016-10-21","NOT RATED","5.6",5601,1,0,0,0,0,1
"/title/tt4975722/","Moonlight","lgbt","2016-11-18","R","7.4",189527,1,0,0,0,0,0
"/title/tt4438848/","Neighbors 2: Sorority Rising","lgbt","2016-05-20","R","5.7",90131,0,1,0,0,0,0
"/title/tt1386697/","Suicide Squad","lgbt","2016-08-05","PG-13","6.1",472166,0,0,1,0,1,0
"/title/tt1974419/","The Neon Demon","lgbt","2016-06-24","R","6.2",62853,0,0,0,0,0,1
"/title/tt5639354/","A Fantastic Woman","lgbt","2018-02-02","R","7.4",9214,1,0,0,0,0,0
"/title/tt2406566/","Atomic Blonde","lgbt","2017-07-28","R","6.7",114603,0,0,1,0,0,1
"/title/tt4622512/","Battle of the Sexes","lgbt","2017-09-29","PG-13","6.8",28866,1,1,0,0,0,0
"/title/tt2771200/","Beauty and the Beast","lgbt","2017-03-17","PG","7.3",203554,0,0,0,0,1,0
"/title/tt5726616/","Call Me by Your Name","lgbt","2018-01-19","R","8.0",94554,1,0,0,1,0,0
"/title/tt5635086/","God's Own Country","lgbt","2017-08-24","NOT RATED","7.7",8984,1,0,0,1,0,0
"/title/tt3717490/","Power Rangers","lgbt","2017-03-24","PG-13","6.0",79756,0,0,1,0,1,0
"/title/tt6053440/","Princess Cyd","lgbt","2017-11-03",NA,"6.7",1119,1,0,0,1,0,0
"/title/tt4799050/","Rough Night","lgbt","2017-06-16","R","5.2",30172,0,1,0,0,0,0
"/title/tt3501632/","Thor: Ragnarok","lgbt","2017-11-03","PG-13","7.9",289781,0,1,1,0,1,0
"/title/tt5164432/","Love, Simon","lgbt","2018-03-16","PG-13","8.1",9284,1,1,0,1,0,0
"/title/tt6257174/","The Miseducation of Cameron Post","lgbt","2018-08-31","NOT RATED","7.2",421,1,1,0,1,0,0
"/title/tt0364961/","The Assassination of Richard Nixon","control","2004-10-22","R","7.0",24171,1,0,0,0,0,1
"/title/tt1001526/","Megamind","control","2010-11-05","PG","7.3",193629,0,1,1,0,0,0
"/title/tt1014759/","Alice in Wonderland","control","2010-03-05","PG","6.5",339529,0,0,0,0,1,0
"/title/tt1341188/","How Do You Know","control","2010-12-17","PG-13","5.4",38536,1,1,0,1,0,0
"/title/tt2126355/","San Andreas","control","2015-05-29","PG-13","6.1",174241,1,0,1,0,1,0
"/title/tt1273678/","The Spy Next Door","control","2010-01-15","PG","5.4",34138,0,1,1,0,0,0
"/title/tt0313443/","Out of Time","control","2003-10-03","PG-13","6.5",50311,1,0,1,0,0,1
"/title/tt0405422/","The 40-Year-Old Virgin","control","2005-08-19","R","7.1",342448,0,1,0,1,0,0
"/title/tt1210166/","Moneyball","control","2011-09-23","PG-13","7.6",309517,1,0,0,0,0,0
"/title/tt0497465/","Vicky Cristina Barcelona","control","2008-08-15","PG-13","7.1",218001,1,0,0,1,0,0
"/title/tt1764651/","The Expendables 2","control","2012-08-17","R","6.6",266615,0,0,1,0,1,1
"/title/tt1017460/","Splice","control","2010-06-04","R","5.7",84614,1,0,0,0,0,1
"/title/tt0421206/","Gridiron Gang","control","2006-09-15","PG-13","6.9",36831,1,0,0,0,0,1
"/title/tt3498820/","Captain America: Civil War","control","2016-05-06","PG-13","7.8",482747,0,0,1,0,1,0
"/title/tt0473333/","The Backwoods","control","2007-02-16","NOT RATED","5.7",4813,1,0,0,0,0,1
"/title/tt2692250/","Night at the Museum: Secret of the Tomb","control","2014-12-19","PG","6.2",82342,0,1,0,0,1,0
"/title/tt0463034/","You, Me and Dupree","control","2006-07-14","PG-13","5.6",72684,0,1,0,1,0,0
"/title/tt0185431/","Little Nicky","control","2000-11-10","PG-13","5.3",87213,0,1,0,0,1,0
"/title/tt0266425/","Conspiracy","control","2001-05-19","R","7.8",15202,1,0,0,0,0,0
"/title/tt0421054/","Domino","control","2005-10-14","R","6.0",60779,0,0,1,0,0,1
"/title/tt0445990/","Invincible","control","2006-08-25","PG","7.1",57474,1,0,0,0,0,0
"/title/tt0443489/","Dreamgirls","control","2006-12-25","PG-13","6.5",61645,1,0,0,0,0,0
"/title/tt0180734/","Hardball","control","2001-09-14","PG-13","6.4",24503,1,0,0,0,0,0
"/title/tt0319061/","Big Fish","control","2004-01-09","PG-13","8.0",376306,1,0,0,0,1,0
"/title/tt0443536/","Hoodwinked!","control","2006-01-13","PG","6.5",50086,0,1,1,0,0,0
"/title/tt1956620/","Sex Tape","control","2014-07-18","R","5.1",94913,0,1,0,1,0,0
"/title/tt0458525/","X-Men Origins: Wolverine","control","2009-05-01","PG-13","6.6",408737,0,0,1,0,1,0
"/title/tt4257926/","Miracles from Heaven","control","2016-03-16","PG","7.1",14801,1,0,0,0,0,0
"/title/tt2923316/","American Heist","control","2015-07-24","R","5.2",14626,1,0,1,0,0,1
"/title/tt0287978/","Daredevil","control","2003-02-14","PG-13","5.3",189396,0,0,1,0,0,1
"/title/tt0120791/","Practical Magic","control","1998-10-16","PG-13","6.2",62061,1,1,0,0,1,0
"/title/tt0181865/","Traffic","control","2001-01-05","R","7.6",180318,1,0,0,0,0,1
"/title/tt0317919/","Mission: Impossible III","control","2006-05-05","PG-13","6.9",282324,0,0,1,0,1,1
"/title/tt0988047/","Traitor","control","2008-08-27","PG-13","7.0",51634,1,0,1,0,0,1
"/title/tt0245686/","Joe Dirt","control","2001-04-11","PG-13","5.9",45216,1,1,0,0,1,0
"/title/tt1351685/","Jack the Giant Slayer","control","2013-03-01","PG-13","6.3",116745,0,0,0,0,1,0
"/title/tt0435623/","Conversations with Other Women","control","2007-05-18","R","7.1",10872,1,1,0,1,0,0
"/title/tt0164212/","Under Suspicion","control","2000-11-15","R","6.5",19706,1,0,0,0,0,1
"/title/tt0086425/","Terms of Endearment","control","1983-12-09","PG","7.4",45888,1,1,0,0,0,0
"/title/tt0116141/","Dream for an Insomniac","control","1996-04-18","R","6.2",2453,1,1,0,1,0,0
"/title/tt0874271/","Elsewhere","control","2009-01-15","R","5.6",2777,1,0,0,0,0,1
"/title/tt1674784/","Trespass","control","2011-10-21","R","5.3",37632,0,0,0,0,0,1
"/title/tt0499603/","10 Items or Less","control","2007-02-08","R","6.7",13460,1,1,0,0,0,0
"/title/tt1001526/","Megamind","control","2010-11-05","PG","7.3",193629,0,1,1,0,0,0
"/title/tt0452624/","The Good German","control","2007-01-19","R","6.1",22533,1,0,0,0,0,1
"/title/tt0455538/","How to Lose Friends & Alienate People","control","2008-10-03","R","6.4",64065,1,1,0,0,0,0
"/title/tt1007029/","The Iron Lady","control","2012-01-13","PG-13","6.4",91569,1,0,0,0,0,0
"/title/tt0844286/","The Brothers Bloom","control","2009-06-19","PG-13","6.8",44717,1,1,0,0,1,0
"/title/tt0181536/","Finding Forrester","control","2001-01-12","PG-13","7.3",76735,1,0,0,0,0,0
"/title/tt1229340/","Anchorman 2: The Legend Continues","control","2013-12-18","PG-13","6.3",146375,0,1,0,0,0,0
"/title/tt0297181/","I Spy","control","2002-11-01","PG-13","5.4",44613,0,1,1,0,1,0
"/title/tt0425210/","Lucky Number Slevin","control","2006-04-07","R","7.8",280451,1,0,0,0,0,1
"/title/tt1212450/","Lawless","control","2012-08-29","R","7.3",204233,1,0,0,0,0,1
"/title/tt0420238/","The Tale of Despereaux","control","2008-12-19","G","6.1",32949,0,1,0,0,1,0
"/title/tt0196229/","Zoolander","control","2001-09-28","PG-13","6.6",220394,0,1,0,0,0,0
"/title/tt1103275/","Two Lovers","control","2009-03-20","R","7.1",32260,1,0,0,1,0,0
"/title/tt0942385/","Tropic Thunder","control","2008-08-13","R","7.0",335306,0,1,1,0,0,0
"/title/tt1272878/","2 Guns","control","2013-08-02","R","6.7",172848,0,1,1,0,0,1
"/title/tt0249478/","Domestic Disturbance","control","2001-11-02","PG-13","5.5",22592,0,0,0,0,0,1
"/title/tt2177771/","The Monuments Men","control","2014-02-07","PG-13","6.1",112523,1,0,0,0,0,0
"/title/tt1895587/","Spotlight","control","2015-11-20","R","8.1",317948,1,0,0,0,0,1
"/title/tt0337741/","Something's Gotta Give","control","2003-12-12","PG-13","6.7",98785,1,1,0,1,0,0
"/title/tt0437863/","The Benchwarmers","control","2006-04-07","PG-13","5.6",43819,0,1,1,0,0,0
"/title/tt0327137/","Secondhand Lions","control","2003-09-19","PG","7.6",46667,1,1,0,0,0,0
"/title/tt0406158/","The Prize Winner of Defiance, Ohio","control","2007-06-01","PG-13","7.3",5950,1,0,0,0,0,0
"/title/tt1629757/","Chasing Mavericks","control","2012-10-26","PG","7.2",27760,1,0,0,0,0,0
"/title/tt0455590/","The Last King of Scotland","control","2007-01-19","R","7.7",158620,1,0,0,0,0,0
"/title/tt1014806/","The Poker House","control","2008","R","6.4",4460,1,0,0,0,0,0
"/title/tt0251114/","Hart's War","control","2002-02-15","R","6.3",46775,1,0,0,0,0,0
"/title/tt1055369/","Transformers: Revenge of the Fallen","control","2009-06-24","PG-13","6.0",349901,0,0,1,0,1,0
"/title/tt0298148/","Shrek 2","control","2004-05-19","PG","7.2",353209,0,1,0,0,1,0
"/title/tt0113101/","Four Rooms","control","1995-12-25","R","6.8",85982,0,1,0,0,0,0
"/title/tt0329575/","Seabiscuit","control","2003-07-25","PG-13","7.3",60919,1,0,0,0,0,0
"/title/tt0115907/","City Hall","control","1996-02-16","R","6.2",17829,1,0,0,0,0,0
"/title/tt0283054/","Thunderpants","control","2002-05-24","PG","3.6",4861,0,1,0,0,0,0
"/title/tt1057500/","Invictus","control","2009-12-11","PG-13","7.4",135234,1,0,0,0,0,0
"/title/tt0481797/","Youth Without Youth","control","2007-10-26","R","6.3",12058,1,0,0,0,1,1
"/title/tt0270288/","Confessions of a Dangerous Mind","control","2003-01-24","R","7.1",76162,0,1,0,0,0,1
"/title/tt0427229/","Failure to Launch","control","2006-03-10","PG-13","5.6",63716,0,1,0,1,0,0
"/title/tt1563738/","One Day","control","2011-08-19","PG-13","7.0",120039,1,0,0,1,0,0
"/title/tt0109493/","The Cowboy Way","control","1994-06-03","PG-13","5.8",6842,0,1,1,0,0,1
"/title/tt0942385/","Tropic Thunder","control","2008-08-13","R","7.0",335306,0,1,1,0,0,0
"/title/tt0405159/","Million Dollar Baby","control","2005-01-28","PG-13","8.1",550124,1,0,0,0,0,0
"/title/tt1152836/","Public Enemies","control","2009-07-01","R","7.0",249194,1,0,0,0,0,1
"/title/tt0386588/","Hitch","control","2005-02-11","PG-13","6.6",265961,0,1,0,1,0,0
"/title/tt0113041/","Father of the Bride Part II","control","1995-11-03","PG","6.0",29431,0,1,0,1,0,0
"/title/tt0804522/","Rendition","control","2007-10-19","R","6.8",50462,1,0,0,0,0,1
"/title/tt0366548/","Happy Feet","control","2006-11-17","PG","6.5",148590,0,1,0,0,1,0
"/title/tt0240772/","Ocean's Eleven","control","2001-12-07","PG-13","7.8",446551,0,0,0,0,0,1
"/title/tt0114753/","Two Bits","control","1995-11-22","PG-13","6.3",2959,1,0,0,0,0,0
"/title/tt0239948/","Saving Silverman","control","2001-02-09","PG-13","5.9",35337,0,1,1,0,0,1
"/title/tt0114857/","Virtuosity","control","1995-08-04","R","5.6",25201,0,0,1,0,0,1
"/title/tt0337563/","13 Going on 30","control","2004-04-23","PG-13","6.1",137286,0,1,0,1,1,0
"/title/tt0296572/","The Chronicles of Riddick","control","2004-06-11","PG-13","6.7",197013,0,0,1,0,1,0
"/title/tt0385267/","In Good Company","control","2005-01-14","PG-13","6.5",50764,1,1,0,1,0,0
"/title/tt0819714/","The Edge of Love","control","2008-06-20","R","6.3",14775,1,0,0,1,0,0
"/title/tt0429589/","The Ant Bully","control","2006-07-28","PG","5.8",32764,0,1,0,0,1,0
"/title/tt0333780/","Legally Blonde 2: Red, White & Blonde","control","2003-07-02","PG-13","4.7",52274,0,1,0,0,0,0
"/title/tt0496319/","The Hottest State","control","2007-03-23","R","6.2",2508,1,0,0,1,0,0
"/title/tt2106550/","Möbius","control","2013-02-27","R","6.1",4379,1,0,0,0,0,1
"/title/tt0284674/","Pauly Shore Is Dead","control","2003-01","R","4.5",4209,0,1,0,0,0,0
"/title/tt1067106/","A Christmas Carol","control","2009-11-06","PG","6.8",84955,1,0,0,0,0,0
"/title/tt0298337/","Slipp Jimmy fri","control","2006-04-21",NA,"6.1",6217,0,1,0,0,0,0
"/title/tt0452598/","Cheaper by the Dozen 2","control","2005-12-21","PG","5.5",47502,0,1,0,0,1,0
"/title/tt0377752/","Dear Frankie","control","2005-04-15","PG-13","7.8",19832,1,0,0,1,0,0
"/title/tt0462504/","Rescue Dawn","control","2007-07-27","PG-13","7.3",91232,1,0,0,0,1,0
"/title/tt0183790/","A Knight's Tale","control","2001-05-11","PG-13","6.9",149790,0,0,1,1,1,0
"/title/tt0423505/","Wake Up, Ron Burgundy: The Lost Movie","control","2004-12-28","NOT RATED","6.2",5221,0,1,0,0,0,0
"/title/tt0120669/","Fear and Loathing in Las Vegas","control","1998-05-22","R","7.7",231281,1,1,0,0,1,0
"/title/tt0317740/","The Italian Job","control","2003-05-30","PG-13","7.0",308918,0,0,1,0,0,1
"/title/tt1491044/","The Iceman","control","2013-05-02","R","6.9",62095,1,0,0,0,0,1
"/title/tt0290002/","Meet the Fockers","control","2004-12-22","PG-13","6.3",228637,0,1,0,1,0,0
"/title/tt0107808/","A Perfect World","control","1993-11-24","PG-13","7.5",63568,1,0,0,0,0,1
"/title/tt0335438/","Starsky & Hutch","control","2004-03-05","PG-13","6.1",127501,0,1,0,0,0,1
"/title/tt0409034/","Marilyn Hotchkiss' Ballroom Dancing & Charm School","control","2006-01-12","PG-13","6.6",2412,1,1,0,0,0,0
"/title/tt4769836/","The Do-Over","control","2016-05-27","TV-MA","5.7",28806,0,1,1,0,1,0
"/title/tt0108330/","This Boy's Life","control","1993-04-23","R","7.3",39846,1,0,0,0,0,0
"/title/tt0405296/","A Scanner Darkly","control","2006-07-28","R","7.1",96381,1,0,0,0,0,1
"/title/tt0357413/","Anchorman: The Legend of Ron Burgundy","control","2004-07-09","PG-13","7.2",293154,0,1,0,0,0,0
"/title/tt0117802/","Swingers","control","1997-04-11","R","7.3",68367,1,1,0,0,0,0
"/title/tt2229499/","Don Jon","control","2013-09-27","R","6.6",207804,1,1,0,1,0,0
"/title/tt3040964/","The Jungle Book","control","2016-04-15","PG","7.5",222650,1,0,0,0,1,0
"/title/tt0083284/","Victory","control","1981-07-31","PG","6.6",23319,1,0,0,0,0,0
"/title/tt0108149/","Six Degrees of Separation","control","1993-12-08","R","6.9",17805,1,1,0,0,0,1
"/title/tt0469903/","The Express","control","2008-10-10","PG","7.3",17929,1,0,0,0,0,0
"/title/tt0407887/","The Departed","control","2006-10-06","R","8.5",998235,1,0,0,0,0,1
"/title/tt0219952/","Lucky Numbers","control","2000-10-27","R","5.0",9090,0,1,0,0,0,1
"/title/tt0467200/","The Other Boleyn Girl","control","2008-02-29","PG-13","6.7",91888,1,0,0,0,0,0
"/title/tt0467197/","Max Payne","control","2008-10-17","PG-13","5.4",114098,1,0,1,0,0,1
"/title/tt0460792/","Fast Food Nation","control","2006-11-17","R","6.3",21984,1,1,0,1,0,0
"/title/tt0103859/","Boomerang","control","1992-07-01","R","5.4",22214,1,1,0,1,0,0
"/title/tt1234654/","Greenberg","control","2010-03-26","R","6.1",32580,1,1,0,1,0,0
"/title/tt0357413/","Anchorman: The Legend of Ron Burgundy","control","2004-07-09","PG-13","7.2",293154,0,1,0,0,0,0
"/title/tt0120800/","Quest for Camelot","control","1998-05-15","G","6.3",12580,0,1,0,0,1,0
"/title/tt4824302/","Mother's Day","control","2016-04-29","PG-13","5.6",24848,1,1,0,0,0,0
"/title/tt0839980/","Semi-Pro","control","2008-02-29","R","5.8",71716,0,1,0,0,0,0
"/title/tt0112579/","The Bridges of Madison County","control","1995-06-02","PG-13","7.6",61052,1,0,0,1,0,0
"/title/tt1433108/","Faster","control","2010-11-24","R","6.5",87076,1,0,1,0,0,1
"/title/tt1399683/","Winter's Bone","control","2010-07-16","R","7.2",121205,1,0,0,0,0,0
"/title/tt1355683/","Black Mass","control","2015-09-18","R","6.9",146444,1,0,0,0,0,1
"/title/tt0800080/","The Incredible Hulk","control","2008-06-13","PG-13","6.8",362845,0,0,1,0,1,0
"/title/tt0092925/","Dragnet","control","1987-06-26","PG-13","5.9",28038,0,1,0,0,0,1
"/title/tt0430779/","Everyone's Hero","control","2006-09-15","G","5.8",6849,0,1,0,0,1,0
"/title/tt0482603/","Space Chimps","control","2008-07-18","G","4.5",9590,0,1,0,0,1,0
"/title/tt0120663/","Eyes Wide Shut","control","1999-07-16","R","7.4",254851,1,0,0,0,0,1
"/title/tt1356864/","I'm Still Here","control","2010-09-16","R","6.2",17547,1,1,0,0,0,0
"/title/tt1333125/","Movie 43","control","2013-01-25","R","4.3",87864,0,1,0,1,0,0
"/title/tt0119718/","Mr. Magoo","control","1997-12-25","PG","3.9",12951,0,1,0,0,1,0
"/title/tt0096054/","School Daze","control","1988-02-12","R","5.8",5185,1,1,0,0,0,0
"/title/tt0118755/","The Borrowers","control","1998-02-13","PG","5.8",17888,0,1,0,0,1,0
"/title/tt0120694/","Halloween H20: 20 Years Later","control","1998-08-05","R","5.7",54309,0,0,0,0,0,1
"/title/tt0433400/","Just Friends","control","2005-11-23","PG-13","6.2",90868,0,1,0,1,0,0
"/title/tt0264472/","Changing Lanes","control","2002-04-12","R","6.5",61438,1,0,0,0,0,1
"/title/tt1951265/","The Hunger Games: Mockingjay - Part 1","control","2014-11-21","PG-13","6.7",354176,0,0,1,0,1,0
"/title/tt0393162/","Coach Carter","control","2005-01-14","PG-13","7.3",103868,1,0,0,0,0,0
"/title/tt0089841/","Prizzi's Honor","control","1985-06-14","R","6.8",20105,1,1,0,0,0,1
"/title/tt1212419/","Hereafter","control","2010-10-22","PG-13","6.5",84636,1,0,0,0,1,0
"/title/tt0071562/","The Godfather: Part II","control","1974-12-20","R","9.0",915218,1,0,0,0,0,1
"/title/tt0479500/","Nancy Drew","control","2007-06-15","PG","5.9",17259,0,1,0,0,0,1
"/title/tt1067106/","A Christmas Carol","control","2009-11-06","PG","6.8",84955,1,0,0,0,0,0
"/title/tt0119223/","Great Expectations","control","1998-01-30","R","6.8",46137,1,0,0,1,0,0
"/title/tt0118688/","Batman & Robin","control","1997-06-20","PG-13","3.7",207159,0,0,1,0,0,0
"/title/tt0130018/","I Still Know What You Did Last Summer","control","1998-11-13","R","4.6",60351,0,0,0,0,0,1
"/title/tt0372784/","Batman Begins","control","2005-06-15","PG-13","8.3",1113901,0,0,1,0,1,1
"/title/tt0291502/","Swept Away","control","2002-10-11","R","3.6",13964,0,1,0,1,0,0
"/title/tt1436562/","Rio","control","2011-04-15","G","6.9",181264,0,1,0,0,1,0
"/title/tt0120815/","Saving Private Ryan","control","1998-07-24","R","8.6",1020226,1,0,0,0,0,0
"/title/tt0120679/","Frida","control","2002-11-22","R","7.4",69817,1,0,0,1,0,0
"/title/tt0118040/","Unforgettable","control","1996-02-23","R","6.0",4350,1,0,0,0,0,1
"/title/tt0452594/","The Break-Up","control","2006-06-02","PG-13","5.8",110968,1,1,0,1,0,0
"/title/tt2058107/","The Railway Man","control","2014-05-23","R","7.1",32536,1,0,0,1,0,0
"/title/tt0118531/","One Eight Seven","control","1997-07-30","R","6.7",19646,1,0,0,0,0,1
"/title/tt2083379/","A Dark Truth","control","2012-11-29","R","5.6",5348,0,0,1,0,0,1
"/title/tt0120863/","The Thin Red Line","control","1999-01-15","R","7.6",152867,1,0,0,0,0,0
"/title/tt0141098/","Forces of Nature","control","1999-03-19","PG-13","5.4",28814,0,1,0,1,0,0
"/title/tt1821694/","RED 2","control","2013-07-19","PG-13","6.7",140442,0,1,1,0,0,1
"/title/tt0147004/","Little Voice","control","1998-12-04","R","7.0",14668,1,1,0,0,0,0
"/title/tt1045778/","Year One","control","2009-06-19","PG-13","4.9",81722,0,1,0,0,1,0
"/title/tt0368008/","The Manchurian Candidate","control","2004-07-30","R","6.6",93201,1,0,0,0,0,1
"/title/tt0405676/","All the King's Men","control","2006-09-22","PG-13","6.2",21987,1,0,0,0,0,1
"/title/tt0960144/","You Don't Mess with the Zohan","control","2008-06-06","PG-13","5.5",169828,0,1,1,0,0,0
"/title/tt0165831/","Held Up","control","2000-05-12","PG-13","5.1",3054,0,1,0,0,0,0
"/title/tt1274300/","The Tempest","control","2011-01-07","PG-13","5.4",6736,1,1,0,0,1,0
"/title/tt0265662/","The Rookie","control","2002-03-29","G","7.0",28601,1,0,0,0,0,0
"/title/tt0104231/","Far and Away","control","1992-05-22","PG-13","6.5",52084,1,0,0,1,1,0
"/title/tt0331468/","Cold Creek Manor","control","2003-09-19","R","4.9",19406,0,0,0,0,0,1
"/title/tt2955096/","Happy Christmas","control","2014-06-26","R","5.5",6669,1,1,0,0,0,0
"/title/tt1219342/","Legend of the Guardians: The Owls of Ga'Hoole","control","2010-09-24","PG","7.0",71032,0,0,1,0,1,0
"/title/tt0472160/","Penelope","control","2008-02-29","PG","6.8",54884,0,1,0,1,1,0
"/title/tt1321870/","Gangster Squad","control","2013-01-11","R","6.7",188160,1,0,1,0,0,1
"/title/tt1707391/","4:44 Last Day on Earth","control","2012-12-19","R","4.5",4418,1,0,0,0,1,0
"/title/tt0086397/","The Survivors","control","1983-06-22","R","5.8",3828,1,1,0,0,0,1
"/title/tt0381681/","Before Sunset","control","2004-07-30","R","8.1",190804,1,0,0,1,0,0
"/title/tt2395427/","Avengers: Age of Ultron","control","2015-05-01","PG-13","7.4",568487,0,0,1,0,1,0
"/title/tt1972571/","A Most Wanted Man","control","2014-08-01","R","6.8",64448,1,0,0,0,0,1
"/title/tt2180411/","Into the Woods","control","2014-12-25","PG","6.0",116164,1,1,0,0,1,0
"/title/tt2713180/","Fury","control","2014-10-17","R","7.6",354799,1,0,1,0,0,0
"/title/tt1905041/","Furious 6","control","2013-05-24","PG-13","7.1",331918,0,0,1,0,0,1
"/title/tt0093886/","Roxanne","control","1987-06-19","PG","6.6",35524,0,1,0,1,0,0
"/title/tt0810913/","Jack and Jill","control","2011-11-11","PG","3.4",66810,0,1,0,0,0,0
"/title/tt1791504/","Beastie Boys: Fight for Your Right Revisited","control","2011-01-20","NOT RATED","8.1",4257,0,1,0,0,0,0
"/title/tt1054606/","The Imaginarium of Doctor Parnassus","control","2010-01-08","PG-13","6.8",133938,0,0,0,0,1,1
"/title/tt0308055/","Bobby","control","2006-11-23","R","7.0",39427,1,0,0,0,0,0
"/title/tt1714206/","The Spectacular Now","control","2013-09-13","R","7.1",123962,1,1,0,1,0,0
"/title/tt0361748/","Inglourious Basterds","control","2009-08-21","R","8.3",1032089,1,0,0,0,1,0
"/title/tt2171867/","Empire State","control","2013-08-30","R","5.2",16662,1,0,1,0,0,1
"/title/tt0456123/","Dikkenek","control","2006-06-21",NA,"6.9",3582,0,1,0,0,0,0
"/title/tt0450385/","1408","control","2007-06-22","PG-13","6.8",231448,1,0,0,0,0,1
"/title/tt0369441/","Fun with Dick and Jane","control","2005-12-21","PG-13","6.1",119888,0,1,0,0,0,1
"/title/tt0092085/","Thrashin'","control","1986-08-29","PG-13","6.6",2925,1,0,1,1,0,0
"/title/tt0120885/","Wag the Dog","control","1998-01-09","R","7.1",72004,1,1,0,0,0,0
"/title/tt0473488/","A Guide to Recognizing Your Saints","control","2006-10-13","R","7.0",23304,1,0,0,0,0,1
"/title/tt0271946/","Te wu mi cheng","control","2001-01-18","PG-13","5.9",14061,0,1,1,0,0,1
"/title/tt0790736/","R.I.P.D.","control","2013-07-19","PG-13","5.6",102513,0,1,1,0,1,0
"/title/tt0118880/","Con Air","control","1997-06-06","R","6.8",244683,0,0,1,0,0,1
"/title/tt0110632/","Natural Born Killers","control","1994-08-26","R","7.3",190373,1,0,0,0,0,1
"/title/tt0983193/","The Adventures of Tintin","control","2011-12-21","PG","7.4",192890,0,0,1,0,1,0
"/title/tt1524137/","Contraband","control","2012-01-13","R","6.5",107731,1,0,1,0,0,1
"/title/tt0489099/","Jumper","control","2008-02-14","PG-13","6.1",261670,0,0,1,0,1,0
"/title/tt2245084/","Big Hero 6","control","2014-11-07","PG","7.8",334530,0,0,1,0,1,0
"/title/tt0847167/","The Girl in the Park","control","2008-12-05","R","6.4",3396,1,0,0,0,0,0
"/title/tt0327698/","The Even Stevens Movie","control","2003-06-13","TV-G","6.3",5646,0,1,0,0,0,0
"/title/tt0208988/","Get Carter","control","2000-10-06","R","5.1",29443,1,0,1,0,0,1
"/title/tt0138304/","The Astronaut's Wife","control","1999-08-27","R","5.3",48876,1,0,0,0,0,1
"/title/tt0406310/","Van Helsing: The London Assignment","control","2004-05-11","NOT RATED","6.2",2670,0,0,1,0,0,0
"/title/tt0976051/","The Reader","control","2009-01-30","R","7.6",208008,1,0,0,1,0,0
"/title/tt0115683/","Bio-Dome","control","1996-01-12","PG-13","4.4",23234,0,1,0,0,0,0
"/title/tt0156934/","Random Hearts","control","1999-10-08","R","5.1",18073,1,0,0,1,0,1
"/title/tt0959337/","Revolutionary Road","control","2009-01-23","R","7.3",167166,1,0,0,1,0,0
"/title/tt0421715/","The Curious Case of Benjamin Button","control","2008-12-25","PG-13","7.8",509906,1,0,0,1,1,0
"/title/tt0116242/","Everyone Says I Love You","control","1997-01-17","R","6.8",32384,0,1,0,1,0,0
"/title/tt0118880/","Con Air","control","1997-06-06","R","6.8",244683,0,0,1,0,0,1
"/title/tt0338348/","The Polar Express","control","2004-11-10","G","6.6",142240,0,0,0,0,1,0
"/title/tt1951265/","The Hunger Games: Mockingjay - Part 1","control","2014-11-21","PG-13","6.7",354176,0,0,1,0,1,0
"/title/tt0118698/","Bent","control","1997-11-26","NC-17","7.3",6868,1,0,0,1,0,0
"/title/tt0380817/","Winter Passing","control","2006-06-15","R","6.4",7632,1,1,0,0,0,0
"/title/tt1480295/","Killing Season","control","2013-07-25","R","5.4",31589,1,0,1,0,0,1
"/title/tt0410297/","The Lake House","control","2006-06-16","PG","6.8",123792,1,0,0,1,1,0
"/title/tt0383028/","Synecdoche, New York","control","2008-11-21","R","7.5",66165,1,1,0,0,0,0
"/title/tt0087089/","The Cotton Club","control","1984-12-14","R","6.5",13999,1,0,0,0,0,1
"/title/tt0129387/","There's Something About Mary","control","1998-07-15","R","7.1",264625,0,1,0,1,0,0
"/title/tt0146984/","The Legend of Bagger Vance","control","2000-11-03","PG-13","6.7",48824,1,0,0,0,1,0
"/title/tt0395972/","North Country","control","2005-10-21","R","7.3",35465,1,0,0,0,0,0
"/title/tt0848228/","The Avengers","control","2012-05-04","PG-13","8.1",1093140,0,0,1,0,1,0
"/title/tt0094933/","D.O.A.","control","1988-03-18","R","6.1",8512,0,0,0,0,0,1
"/title/tt0981072/","The Lucky Ones","control","2008-09-26","R","7.0",12477,1,1,0,0,0,0
"/title/tt0117628/","She's the One","control","1996-08-23","R","6.0",14959,1,1,0,1,0,0
"/title/tt0119080/","Eve's Bayou","control","1997-11-07","R","7.3",7468,1,0,0,0,0,0
"/title/tt0102768/","Regarding Henry","control","1991-07-10","PG-13","6.7",25729,1,0,0,1,0,0
"/title/tt0118158/","White Squall","control","1996-02-02","PG-13","6.6",19198,1,0,0,0,1,0
"/title/tt0432283/","Fantastic Mr. Fox","control","2009-11-25","PG","7.8",161741,0,1,0,0,1,0
"/title/tt0963966/","The Sorcerer's Apprentice","control","2010-07-14","PG","6.1",136841,0,0,1,0,1,0
"/title/tt0171356/","Gun Shy","control","2000-02-04","R","5.7",6283,0,1,0,1,0,1
"/title/tt0212346/","Miss Congeniality","control","2000-12-22","PG-13","6.2",156262,0,1,1,0,0,1
"/title/tt0285462/","Boat Trip","control","2003-03-21","R","4.9",28292,0,1,0,0,0,0
"/title/tt1041829/","The Proposal","control","2009-06-19","PG-13","6.7",254855,1,1,0,1,0,0
"/title/tt0146309/","Thirteen Days","control","2001-01-12","PG-13","7.3",48643,1,0,0,0,0,1
"/title/tt0251127/","How to Lose a Guy in 10 Days","control","2003-02-07","PG-13","6.4",177970,0,1,0,1,0,0
"/title/tt0118647/","The Assignment","control","1997-09-26","R","6.9",7993,0,0,1,0,0,1
"/title/tt0450405/","Cirque du Freak: The Vampire's Assistant","control","2009-10-23","PG-13","5.9",38466,0,0,1,0,1,0
"/title/tt0816692/","Interstellar","control","2014-11-07","PG-13","8.6",1160988,1,0,0,0,1,0
"/title/tt0312528/","The Cat in the Hat","control","2003-11-21","PG","3.8",40951,0,1,0,0,1,0
"/title/tt1403865/","True Grit","control","2010-12-22","PG-13","7.6",266665,1,0,0,0,1,0
"/title/tt0171359/","Hamlet","control","2000-06-23","R","6.0",8467,1,0,0,1,0,1
"/title/tt0344510/","A Very Long Engagement","control","2005-01-14","R","7.7",66361,1,0,0,1,0,1
"/title/tt0323033/","Laws of Attraction","control","2004-04-30","PG-13","5.9",20152,0,1,0,1,0,0
"/title/tt1661382/","Grudge Match","control","2013-12-25","PG-13","6.4",51380,1,1,0,0,0,0
"/title/tt0283426/","The Jungle Book 2","control","2003-02-14","G","5.4",12902,0,0,0,0,1,0
"/title/tt0278504/","Insomnia","control","2002-05-24","R","7.2",241555,1,0,0,0,0,1
"/title/tt2404311/","The Family","control","2013-09-13","R","6.3",97894,0,1,0,0,0,1
"/title/tt0149691/","Anywhere But Here","control","1999-11-12","PG-13","6.2",15655,1,1,0,0,0,0
"/title/tt1229340/","Anchorman 2: The Legend Continues","control","2013-12-18","PG-13","6.3",146375,0,1,0,0,0,0
"/title/tt0857265/","Sleuth","control","2007-11-23","R","6.5",27923,1,0,0,0,0,1
"/title/tt0117791/","Surviving Picasso","control","1996-09-20","R","6.4",6270,1,0,0,1,0,0
"/title/tt0159365/","Cold Mountain","control","2003-12-25","R","7.2",127001,1,0,0,0,1,0
"/title/tt0954990/","The Yellow Handkerchief","control","2009-11-19","PG-13","6.8",7294,1,0,0,1,0,0
"/title/tt2015381/","Guardians of the Galaxy","control","2014-08-01","PG-13","8.1",826575,0,0,1,0,1,0
"/title/tt0433362/","Daybreakers","control","2010-01-08","R","6.5",112560,0,0,1,0,1,1
"/title/tt0146882/","High Fidelity","control","2000-03-31","R","7.5",153073,1,1,0,0,0,0
"/title/tt0144168/","Dick","control","1999-08-04","PG-13","6.1",16880,0,1,0,0,0,0
"/title/tt0765429/","American Gangster","control","2007-11-02","R","7.8",349900,1,0,0,0,0,1
"/title/tt0133952/","The Siege","control","1998-11-06","R","6.3",62212,0,0,1,0,0,1
"/title/tt3410834/","Allegiant","control","2016-03-18","PG-13","5.7",83247,0,0,1,0,1,1
"/title/tt0117218/","The Nutty Professor","control","1996-06-28","PG-13","5.6",95310,0,1,0,1,0,0
"/title/tt1745862/","Phil Spector","control","2013-03-24","TV-MA","6.3",5704,1,0,0,0,0,0
"/title/tt0419749/","Find Me Guilty","control","2006-03-17","R","7.1",30074,0,1,0,0,0,1
"/title/tt0118747/","Blues Brothers 2000","control","1998-02-06","PG-13","4.8",28134,0,1,1,0,0,1
"/title/tt0424095/","Flushed Away","control","2006-11-03","PG","6.6",95428,0,1,0,0,1,0
"/title/tt1276104/","Looper","control","2012-09-28","R","7.4",474791,1,0,1,0,0,1
"/title/tt1418377/","I, Frankenstein","control","2014-01-24","PG-13","5.1",72184,0,0,1,0,1,1
"/title/tt1601913/","The Grey","control","2012-01-27","R","6.8",219528,1,0,1,0,1,0
"/title/tt0469494/","There Will Be Blood","control","2008-01-25","R","8.1",431595,1,0,0,0,0,0
"/title/tt0108330/","This Boy's Life","control","1993-04-23","R","7.3",39846,1,0,0,0,0,0
"/title/tt0149624/","All the Pretty Horses","control","2000-12-25","PG-13","5.8",12047,1,0,0,1,0,0
"/title/tt1386588/","The Other Guys","control","2010-08-06","PG-13","6.7",209481,0,1,1,0,0,1
"/title/tt1758795/","The To Do List","control","2013-07-26","R","5.8",32888,0,1,0,1,0,0
"/title/tt1446714/","Prometheus","control","2012-06-08","R","7.0",515334,0,0,0,0,1,1
"/title/tt0357413/","Anchorman: The Legend of Ron Burgundy","control","2004-07-09","PG-13","7.2",293154,0,1,0,0,0,0
"/title/tt0810913/","Jack and Jill","control","2011-11-11","PG","3.4",66810,0,1,0,0,0,0
"/title/tt0460792/","Fast Food Nation","control","2006-11-17","R","6.3",21984,1,1,0,1,0,0
