year,title,character,classification,actor
2015,3 Generations,Ray,Trans man,Elle Fanning
2015,4th Man Out,Adam,Gay,Evan Todd
2017,A Fantastic Woman,Marina Vidal,Trans woman,Daniela Vega
2004,A Home at the End of the World,Jonathan Glover,Gay,Harris Allan/Dallas Roberts
2003,A Mighty Wind,Mark Shubb,Trans woman,Harry Shearer
2009,A Single Man,George Falconer,Gay,Colin Firth
2007,Across the Universe,Prudence,Lesbian,T.V. Carpio
1998,Aimee & Jaguar,Felice Schragenheim,Lesbian,Maria Schrader
1999,All About My Mother,Nina Cruz,Bisexual,Candela Pe_a
1999,All About My Mother,Huma Rojo,Lesbian,Marisa Paredes
1999,All About My Mother,Agrado,Trans woman,Antonia San Juan
1999,All About My Mother,Lola,Trans woman,Toni CantÑ
1997,All Over Me,Claude,Lesbian,Alison Folland
1997,All Over Me,Lucy,Lesbian,Leisha Hailey
1997,All Over Me,Luke,Lesbian,Pat Briggs
1999,American Beauty,Frank Fitts,Gay,Chris Cooper
1999,American Beauty,Jim Berkley,Gay,Sam Robards
1999,American Beauty,Jim Olmeyer,Gay,Scott Bakula
2000,American Psycho,Luis Carruthers,Gay,Matt Ross
2010,Amphetamine,Kafka,Bisexual,Byron Pang
2010,Amphetamine,Daniel,Gay,Thomas Price
2006,Another Gay Movie,Jarod,Gay,Jonathan Chase
2003,Arisan!,Nino,Gay,Surya Saputra
2003,Arisan!,Sakti,Gay,Tora Sudiro
1997,As Good as It Gets,Simon Bishop,Gay,Greg Kinnear
2017,Atomic Blonde,Lorraine Broughton,Bisexual,Charlize Theron
2017,Atomic Blonde,Delphine Lasalle,Lesbian,Sofia Boutella
2002,Austin Powers in Goldmember,Frau Farbissina,Lesbian,Mindy Sterling
1997,Austin Powers: International Man of Mystery,Frau Farbissina,Lesbian,Mindy Sterling
1999,Austin Powers: The Spy Who Shagged Me,Frau Farbissina,Lesbian,Mindy Sterling
2004,Bad Education,Enrique Goded,Gay,Fele MartÕnez
2004,Bad Education,Father Manolo,Gay,Daniel Gim_nez Cacho
2004,Bad Education,Ignacio Rodriguez,Gay,Francisco Boira
2004,Bad Education,Zahara,Trans woman,Gael GarcÕa Bernal
1992,Basic Instinct,Catherine Tramell,Bisexual,Sharon Stone
1992,Basic Instinct,Dr. Beth Garner,Bisexual,Jeanne Tripplehorn
1992,Basic Instinct,Roxy,Lesbian,Leilani Sarelle
2017,Battle of the Sexes,Billie Jean King,Lesbian,Emma Stone
2017,Battle of the Sexes,Marilyn Bennett,Lesbian,Andrea Riseborough
2005,Be Cool,Elliot Wilhelm,Gay,Dwayne Johnson
2003,Beautiful Boxer,Parinya Charoenphol,Trans woman,Asanee Suwan
1996,Beautiful Thing,Ste Pearce,Gay,Scott Neal
2017,Beauty and the Beast,LeFou,Gay,Josh Gad
1998,Bedrooms and Hallways,Leo,Bisexual,Kevin McKidd
2000,Before Night Falls,Pepe Malas,Gay,Andrea Di Stefano
2000,Before Night Falls,Reinaldo Arenas,Gay,Javier Bardem
2000,Before Night Falls,Tomas Diego,Gay,Santiago Magill
2000,Before Night Falls,Bon Bon,Trans woman,Johnny Depp
2010,Beginners,Hal,Gay,Christopher Plummer
2002,Bend It Like Beckham,Tony,Gay,Ameet Chana
2000,Best in Show,Scott Donlan,Gay,John Michael Higgins
2000,Best in Show,Stefan Vanderhoof,Gay,Michael McKean
2000,Best in Show,Christy Cummings,Lesbian,Jane Lynch
2000,Best in Show,Sherri Ann Ward Cabot,Lesbian,Jennifer Coolidge
1999,Better Than Chocolate,Judy,Trans woman,Peter Outerbridge
1970,Beyond the Valley of the Dolls,"Ronnie ""Z-Man"" Barzell",Trans man,John LaZar
1999,Big Daddy,Phil D'Amato,Gay,Allen Covert
1999,Big Daddy,Tommy Grayton,Gay,Peter Dante
2000,Billy Elliot,Michael Caffrey,Gay,Stuart Wells
1995,Billy Madison,Principal Max Anderson,Gay,Josh Mostel
1999,Blast from the Past,Troy,Gay,Dave Foley
2001,Blow,Derek Foreal,Gay,Paul Reubens
2013,Blue Is the Warmest Colour,Adèle,Bisexual,Adèle Exarchopoulos
2013,Blue Is the Warmest Colour,Emma,Lesbian,L_a Seydoux
2013,Blue Is the Warmest Colour,Lise,Lesbian,Mona Walravens
1986,Blue Velvet,Frank Booth,Pansexual,Dennis Hopper
1997,Boogie Nights,Scotty J.,Gay,Philip Seymour Hoffman
2006,Boy Culture,"Alex ""X""",Gay,Derek Magyar
2006,Boy Culture,Andrew,Gay,Darryl Stephens
2006,Boy Culture,Gregory Talbot,Gay,Patrick Bauchau
2006,Boy Culture,Joey,Gay,Jonathon Trent
2014,Boys,Marc,Gay,Ko Zandvliet
2014,Boys,Sieger,Gay,Gijs Blom
1999,Boys Don't Cry,Brandon Teena,Trans man,Hilary Swank
2005,Breakfast on Pluto,"Patrick ""Kitten"" Braden",Trans woman,Cillian Murphy
2007,Breakfast with Scot,Eric McNally,Gay,Tom Cavanagh
2007,Breakfast with Scot,Sam,Gay,Ben Shenkman
2007,Breakfast with Scot,Scot,Gay,Noah Bernett
1998,Bride of Chucky,David Collins,Gay,Gordon Michael Woolvett
2004,Bridget Jones: The Edge of Reason,Rebecca Gilles,Lesbian,Jacinda Barrett
2000,Bring It On,"Leslie ""Les""",Gay,Huntley Ritter
2005,Brokeback Mountain,Ennis Del Mar,Gay/Bisexual,Heath Ledger
2005,Brokeback Mountain,Jack Twist,Gay/Bisexual,Jake Gyllenhaal
1999,But I'm a Cheerleader,Andre,Gay,Douglas Spain
1999,But I'm a Cheerleader,Clayton Dunn,Gay,Kip Pardue
1999,But I'm a Cheerleader,Dolph,Gay,Dante Basco
1999,But I'm a Cheerleader,Joel Goldberg,Gay,Joel Michaely
1999,But I'm a Cheerleader,Larry Morgan-Gordon,Gay,Richard Moll
1999,But I'm a Cheerleader,Lloyd Morgan-Gordon,Gay,Wesley Mann
1999,But I'm a Cheerleader,Mike,Gay,RuPaul
1999,But I'm a Cheerleader,Rock Brown,Gay,Eddie Cibrian
1999,But I'm a Cheerleader,Graham Eaton,Lesbian,Clea DuVall
1999,But I'm a Cheerleader,Hilary Vandermuller,Lesbian,Melanie Lynskey
1999,But I'm a Cheerleader,Kelly,Lesbian,Ione Skye (uncredited)
1999,But I'm a Cheerleader,Megan Bloomfield,Lesbian,Natasha Lyonne
1999,But I'm a Cheerleader,Sinead Laren,Lesbian,Katharine Towne
2005,C.R.A.Z.Y.,Zachary Beaulieu,Bisexual,Marc-Andr_ Grondin
1972,Cabaret,Baron Maximilian Von Heune,Bisexual,Helmut Griem
1972,Cabaret,Brian Roberts,Bisexual,Michael York
2017,Call Me by Your Name,Elio Perlman,Bisexual,Timoth_e Chalamet
2017,Call Me by Your Name,Oliver,Bisexual,Armie Hammer
1996,Camping Cosmos,Arno Hintjens,Gay,Arno Hintjens
1996,Camping Cosmos,Harry,Gay,
2005,Capote,Truman Capote,Gay,Philip Seymour Hoffman
2015,Carol,Carol Aird,Lesbian/Bisexual,Cate Blanchett
2015,Carol,Therese Belivet,Lesbian/Bisexual,Rooney Mara
1995,Carrington,Lytton Strachey,Gay,Jonathan Pryce
2016,Center of My World,Nicholas,Bisexual,Jannik SchÙmann
2016,Center of My World,Phil,Gay,Louis Hofmann
2016,Center of My World,Pascal,Lesbian,Nina Proll
2016,Center of My World,Tereza,Lesbian,Inka Friedrich
1996,Chacun Cherche son Chat,Michel,Gay,Olivier Py
1997,Chasing Amy,Alyssa Jones,Bisexual,Joey Lauren Adams
1997,Chasing Amy,Banky Edwards,Gay,Jason Lee
1997,Chasing Amy,Hooper X,Gay,Dwight Ewell
2009,Chloe,Chloe Sweeney,Bisexual,Amanda Seyfried
2000,Chuck & Buck,Buck O'Brien,Gay,Mike White
1996,Citizen Ruth,Diane Siegler,Lesbian,Swoosie Kurtz
2012,Cloud Atlas,Robert Frobisher,Bisexual,Ben Whishaw
2012,Cloud Atlas,Rufus Sixsmith,Gay,James D'Arcy
1982,"Come Back to the Five and Dime, Jimmy Dean, Jimmy Dean",Joanne,Trans woman,Karen Black
2000,Common Ground,Dorothy Nelson,Lesbian,Brittany Murphy
2006,Crank,Kaylo,Gay,Efren Ramirez
2013,Curse of Chucky,Jill,Lesbian,Maitland McConnell
2005,Cursed,Bo,Gay,Milo Ventimiglia
2004,D.E.B.S,Lucy Diamond,Lesbian,Jordana Brewster
2013,Dallas Buyers Club,Rayon,Trans woman,Jared Leto
1971,Daughters of Darkness,Countess Bathory,Lesbian,Delphine Seyrig
2016,Deadpool,Deadpool (Wade Wilson),Pansexual,Ryan Reynolds
2014,Dear White People,Lionel Higgins,Gay,Tyler James Williams
2004,Dodgeball: A True Underdog Story,Kate Veatch,Bisexual,Christine Taylor
1975,Dog Day Afternoon,Sonny Wortzik,Bisexual,Al Pacino
1975,Dog Day Afternoon,Leon Shermer,Trans woman,Chris Sarandon
1996,Don't Be a Menace...,Loc Dog,Bisexual,Marlon Wayans
2008,Dottie's Magic Pockets,Dottie,Lesbian,Jen Plante
2008,Dream Boy,Nathan Davies,Gay,Stephan Bender
2008,Dream Boy,Roy,Gay,Maximillian Roeg
1999,East is East,Nazir Khan,Gay,Ian Aspinall
2010,Easy A,Brandon,Gay,Dan Byrd
1998,Edge of Seventeen,Eric Hunter,Gay,Chris Stafford
1999,Election,Tammy Metzler,Lesbian,Jessica Campbell
2003,Elephant,Alex,Gay,Alex Frost
2003,Elephant,Eric,Gay,Eric Deulen
2015,En underbar j_vla jul,Oscar,Gay,Anton Lundqvist
2015,En underbar j_vla jul,Simon,Gay,Anastasios Soulis
2017,F the Prom,TJ,Gay,Luke Bilyk
2016,Fair Haven,Charlie Green,Gay,Josh Green
2016,Fair Haven,James Grant,Gay,Michael Grant
2002,Far From Heaven,Frank Whitaker,Gay,Dennis Quaid
1999,Flawless,Rusty Zimmerman,Trans woman,Philip Seymour Hoffman
1996,Flirting with Disaster,Tony Kent,Bisexual,Josh Brolin
1996,Flirting with Disaster,Paul Harmon,Gay,Richard Jenkins
2012,Foodfight!,Vlad Chocul,Gay,Larry Miller
1994,Four Weddings and a Funeral,Gareth,Gay,Simon Callow
1994,Four Weddings and a Funeral,Matthew,Gay,John Hannah
2013,Free Fall,Marc Borgmann,Bisexual,Hanno Koffler
2013,Free Fall,Kay Engel,Gay,Max Riemelt
1991,Fried Green Tomatoes,Ruth Jamison,Bisexual,Mary-Louise Parker
1991,Fried Green Tomatoes,Idgie Threadgoode,Lesbian,Mary Stuart Masterson
2013,G.B.F.,Brent Van Camp,Gay,Paul Iacono
2013,G.B.F.,Tanner Daniels,Gay,Michael J. Willett
2006,The Night Listener,Gabriel Noone,Gay,Robin Williams
2013,Geography Club,Russell Middlebrook,Gay,Cameron Deane Stewart
1998,Get Real,John Dixon,Gay,Brad Gorton
1998,Get Real,Steven Carter,Gay,Ben Silverstone
2014,Girltrash: All Night Long,Colby Robson,Lesbian,Gabrielle Christian
2014,Girltrash: All Night Long,Daisy Robson,Lesbian,Lisa Rieffel
2014,Girltrash: All Night Long,Misty Monroe,Lesbian,Mandy Musgrave
2014,Girltrash: All Night Long,Sid,Lesbian,Kate French
1953,Glen or Glenda,Glenda,Trans woman,Ed Wood
2017,God's Own Country,Gheorghe Ionescu,Gay,Alec Secareanu
2017,God's Own Country,Johnny Saxby,Gay,Josh O'Connor
1964,Goldfinger,Pussy Galore,Lesbian,Honor Blackman
2015,Grandma,Elle Reid,Lesbian,Lily Tomlin
2015,Grandma,Deathy,Trans woman,Laverne Cox
2001,Gypsy 83,Clive Webb,Gay,Kett Turton
2003,Hamlet 2,Rand Posin [4],Gay,Skylar Astin
2016,Handsome Devil,Conor Masters,Gay,Nicholas Galitzine
2016,Handsome Devil,Dan Sherry,Gay,Andrew Scott
2002,Harry Potter and the Chamber of Secrets,Albus Dumbledore,Gay,Richard Harris
2010,Harry Potter and the Deathly Hallows Part 1,Albus Dumbledore,Gay,Michael Gambon
2011,Harry Potter and the Deathly Hallows Part 2,Albus Dumbledore,Gay,Michael Gambon
2005,Harry Potter and the Goblet of Fire,Albus Dumbledore,Gay,Michael Gambon
2009,Harry Potter and the Half-Blood Prince,Albus Dumbledore,Gay,Michael Gambon
2007,Harry Potter and the Order of the Phoenix,Albus Dumbledore,Gay,Michael Gambon
2001,Harry Potter and the Philosopher's Stone,Albus Dumbledore,Gay,Richard Harris
2004,Harry Potter and the Prisoner of Azkaban,Albus Dumbledore,Gay,Michael Gambon
1998,Head On,Ari,Gay,Alex Dimitriades
2016,Heartstone,Kristjàn,Gay,Bl_r Hinriksson
2001,Hedwig and the Angry Inch,Luther Robinson,Gay,Maurice Dean Wint
2001,Hedwig and the Angry Inch,Hedwig Robinson/Hansel,Trans woman,John Cameron Mitchell
1998,High Art,Syd,Bisexual,Radha Mitchell
1998,High Art,Greta,Lesbian,Patricia Clarkson
1998,High Art,Lucy Berliner,Lesbian,Ally Sheedy
2000,Holiday Heart,Holiday Heart,Gay,Ving Rhames
1996,Hollow Reed,Tom Dixon,Gay,Ian Hart
1995,Home for the Holidays,Tommy Larson,Gay,Robert Downey Jr.
2013,Horns,Eric Hannity,Gay,Michael Adamthwaite
2009,I Love You Phillip Morris,Steven Russell,Bisexual,Jim Carrey
2009,I Love You Phillip Morris,Phillip Morris,Gay,Ewan Mcgregor
2009,"I Love You, Beth Cooper",Rich Munsch,Gay/Bisexual,Jack Carpenter
2007,I Now Pronounce You Chuck & Larry,Fred Duncan,Gay,Ving Rhames
1996,I Shot Andy Warhol,Candy Darling,Trans woman,Stephen Dorff
2001,Ichi the Killer,Kakihara,Bisexual,Tadanobu Asano
2005,Imagine Me & You,Rachel,Bisexual,Piper Perabo
2005,Imagine Me & You,Luce,Lesbian,Lena Headey
1978,In a Year of 13 Moons,Elvira Weishaupt,Trans woman,Volker Spengler
1997,In and Out,Howard Brackett,Gay,Kevin Kline
1997,In and Out,Peter Malloy,Gay,Tom Selleck
2006,Infamous,Truman Capote,Gay,Toby Jones
1994,Interview with the Vampire,Louis de Pointe du Lac,Bisexual,Brad Pitt
2011,J. Edgar,J. Edgar Hoover,Gay,Leonardo DiCaprio
2012,Jack & Diane,Diane,Lesbian,Juno Temple
2012,Jack & Diane,Jack,Lesbian,Riley Keough
1995,Jefferson in Paris,Richard Cosway,Gay,Simon Callow
1995,Jeffrey,Darius,Gay,Bryan Batt
1995,Jeffrey,Jeffrey,Gay,Steven Weber
1995,Jeffrey,Sterling,Gay,Patrick Stewart
1995,Jeffrey,Steve Howard,Gay,Michael T. Weiss
2009,Jennifer's Body,"Anita ""Needy"" Lesnicki",Bisexual,Amanda Seyfried
2009,Jennifer's Body,Jennifer Check,Bisexual,Megan Fox
1991,JFK,Willie O'Keefe,Gay,Kevin Bacon
1996,Johns,Donner,Gay,Lukas Haas
2011,Just Go With It,Ian Maxtone-Jones,Gay,Dave Matthews
2010,Kaboom,Hunter,Bisexual,Jason Olive
2010,Kaboom,Rex,Bisexual,Andy Fischer-Price
2010,Kaboom,Smith,Bisexual,Thomas Dekker
2010,Kaboom,Oliver,Gay,Brennan Mejia
2010,Kaboom,Lorelei,Lesbian,Roxane Mesquida
2010,Kaboom,Stella,Lesbian,Haley Bennett
2013,Kick-Ass 2,Insect-Man,Gay,Robert Emms
2013,Kill Your Darlings,Allen Ginsberg,Bisexual,Daniel Radcliffe
2013,Kill Your Darlings,Lucien Carr,Gay,Dane DeHaan
2016,King Cobra,Brent Corrigan,Gay,Garrett Clayton
2016,King Cobra,Bryan Kocis,Gay,Christian Slater
2016,King Cobra,Harlow Cuadra,Gay,Keegan Allen
2016,King Cobra,Joe Kerekes,Gay,James Franco
2016,King Cobra,Mikey,Gay,Spencer Lofranco
2005,Kiss Kiss Bang Bang,"Perry Van Shrike/""Gay Perry""",Gay,Val Kilmer
1985,Kiss of the Spider Woman,Luis Molina,Gay,William Hurt
2001,Kissing Jessica Stein,Helen Cooper,Bisexual,Heather Juergensen
2001,Kissing Jessica Stein,Martin,Gay,Michael Mastro
2001,Kissing Jessica Stein,Sebastian,Gay,Carson Elrod
1976,L'Alpagueur,"Gilbert (""L'Epervier"")",Gay,Bruno Cremer
1944,Lady in the Dark,Russell Paxton,Gay,Mischa Auer
2003,Latter Days,Aaron Davis,Gay,Steve Sandvoss
2003,Latter Days,Christian Markelli,Gay,Wes Ramsey
2012,Laurence Anyways,Laurence Alia,Trans woman,Melvil Poupaud
2015,Legend,Ronnie Kray,Gay,Tom Hardy
2015,Legend,Teddy Smith,Gay,Taron Egerton
1987,Less Than Zero,Clay Easton,Bisexual,Andrew McCarthy
2006,Let's Go to Prison,Barry,Gay,Chi McBride
2006,Let's Go to Prison,Nelson Biederman IV,Gay,Will Arnett
1979,Life of Brian,Loretta,Trans woman,Eric Idle
2014,Life Partners,Sasha Weiss,Lesbian,Leighton Meester
2006,Little Miss Sunshine,Frank Ginsberg,Gay,Steve Carell
2001,Lost and Delirious,"Victoria ""Tori"" Moller",Lesbian,Jessica Par_
2001,Lost and Delirious,Pauline Oster,Lesbian/Pansexual,Piper Perabo
2018,"Love, Simon",Cal Price,Bisexual,Miles Heizer
2018,"Love, Simon",Bram Greenfeld,Gay,Keiynan Lonsdale
2018,"Love, Simon",Simon Spier,Gay,Nick Robinson
2006,Loving Annabelle,Annabelle Tillman,Lesbian,Erin Kelly
1997,Ma Vie en Rose,Ludo Fabre,Trans woman,Georges Du Fresne
1999,Magnolia,Quiz Kid Donnie Smith,Gay,William H. Macy
2008,Mamma Mia!,Harry Bright,Gay,Colin Firth
1987,Mannequin,Hollywood Montrose,Gay,Meshach Taylor
1991,Mannequin Two: On the Move,Hollywood Montrose,Gay,Meshach Taylor
1987,Maurice,Alec Scudder,Gay,Rupert Graves
1987,Maurice,Clive Durham,Gay,Hugh Grant
1987,Maurice,Maurice Hall,Gay,James Wilby
2002,May,May Dove Canady,Bisexual,Angela Bettis
2002,May,Ambrosia,Lesbian,Nichole Hiltz
2002,May,Polly,Lesbian,Anna Faris
2002,May,Polly,Lesbian,Anna Faris
2004,Mean Girls,Damian,Gay,Daniel Franzese
1969,Midnight Cowboy,Joe Buck,Bisexual,Jon Voight
1978,Midnight Express,Erich,Gay,Norbert Weisser
1997,Midnight in the Garden of Good and Evil,The Lady Chablis,Trans woman,The Lady Chablis
2008,Milk,Harvey Milk,Gay,Sean Penn
1990,Miller's Crossing,Bernie Bernbaum,Gay,John Turturro
1990,Miller's Crossing,Eddie Dane,Gay,J.E. Freeman
1990,Miller's Crossing,Mink Larouie,Gay,Steve Buscemi
2016,Moonlight,Kevin Jones,Bisexual,Andr_ Holland
2016,Moonlight,"Chiron Harris (""Little""/""Black"")",Gay,"Trevante Rhodes, Ashton Sanders, Alex Hibbart"
2015,Most Likely To Die,Jade,Lesbian,Tess Christiansen
2001,Mulholland Drive,Rita,Bisexual,Laura Elena Harring
2001,Mulholland Drive,Betty Elms,Lesbian,Naomi Watts
1985,My Beautiful Laundrette,Johnny,Gay,Daniel Day-Lewis
1985,My Beautiful Laundrette,Omar Ali,Gay,Gordon Warnecke
1997,My Best Friend's Wedding,George Downes,Gay,Rupert Everett
1991,My Own Private Idaho,Mike Waters,Gay,River Phoenix
1970,Myra Breckinridge,"Irving ""Blaggot"" Amadeus",Gay,Calvin Lockhart
1970,Myra Breckinridge,Myra Breckinridge,Trans woman,Raquel Welch
2004,Mysterious Skin,Neil McCormick,Gay,Joseph Gordon-Levitt
2016,Neighbors 2: Sorority Rising,Pete Regazolli,Gay,Dave Franco
2003,Normal,Roy / Ruth Applewood,Trans woman,Tom Wilkinson
2011,North Sea Texas,Gino,Bisexual,Mathias Vergels
2011,North Sea Texas,Pim,Gay,Jelle Florizoone
2014,Obvious Child,Joey,Gay,Gabe Liedman
2003,Party Monster,Keoki,Bisexual,Wilmer Valderrama
2003,Party Monster,Michael Alig,Bisexual,Macaulay Culkin
2003,Party Monster,James St. James,Gay,Seth Green
2003,Party Monster,Christina,Trans woman,Marilyn Manson
1992,Peter's Friends,Peter Morton,Gay,Stephen Fry
1993,Philadelphia,Andrew Beckett,Gay,Tom Hanks
1993,Philadelphia,Miguel Alvarez,Gay,Antonio Banderas
2007,Planet Terror,Dr. Dakota Block,Bisexual,Marley Shelton
2017,Power Rangers,Trini Kwan,Lesbian/Bisexual,Becky G
2009,Prayers for Bobby,Bobby Griffith,Gay,Ryan Kelley
2017,Princess Cyd,Cyd,Bisexual,Jessie Pinnick
2017,Princess Cyd,Katie,Lesbian/queer,Malic White
1994,Pulp Fiction,Zed,Gay,Peter Greene
1982,Querelle,Georges Querelle,Bisexual,Brad Davis
1940,Rebecca,Danvers,Lesbian,Judith Anderson
1955,Rebel Without a Cause,"John ""Plato"" Crawford",Gay,Sal Mineo
2007,Reign Over Me,Charlie Fineman,Bisexual,Adam Sandler
2005,Rent,Maureen Johnson,Bisexual,Idina Menzel
2005,Rent,Angel Dumott Schunard,Gay,Wilson Jermaine Heredia
2005,Rent,"Thomas B. ""Tom"" Collins",Gay,Jesse L. Martin
2005,Rent,Joanne Jefferson,Lesbian,Tracie Thoms
1984,Revenge of the Nerds,Lamar,Gay,Larry B. Scott
2008,RocknRolla,Handsome Bob,Gay,Tom Hardy
1948,Rope,Brandon Shaw,Gay,John Dall
1948,Rope,Phillip Morgan,Gay,Farley Granger
2017,Rough Night,Blair,Bisexual,ZoÔ Kravitz
2017,Rough Night,Frankie,Lesbian,Ilana Glazer
2005,Saved!,Dean,Gay,Chad Faust
2005,Saved!,Mitch,Gay,Kett Turton
2004,Saving Face,Willhelmina Pang,Lesbian,Michelle Krusiec
2000,Scary Movie,Bobby Prinze,Gay,Jon Abrahams
2001,Scary Movie 2,Ray Wilkins,Bisexual,Shawn Wayans
2010,Scott Pilgrim vs. the World,Ramona Flowers,Bisexual,Mary Elizabeth Winstead
2010,Scott Pilgrim vs. the World,Stephen Stills,Gay,Mark Webber
2010,Scott Pilgrim vs. the World,Wallace Wells,Gay,Kieran Culkin
2010,Scott Pilgrim vs. the World,"Roxanne ""Roxy"" Richter",Lesbian,Mae Whitman
2004,Seed of Chucky,Glen / Glenda Ray,Genderqueer,Billy Boyd
2010,Sex and the City 2,Erin,Lesbian,Alice Eve
2009,Shank,Jonno,Bisexual,Tom Bott
2009,Shank,Cal,Gay,Wayne Virgo
2009,Shank,Olivier,Gay,Marc Laurent
2009,Shank,Scott,Gay,Garry Summers
2007,Shelter,Zach,Bisexual,Trevor Wright
2007,Shelter,Shaun,Gay,Brad Rowe
2006,Shortbus,James,Gay,Paul Dawson
2006,Shortbus,Jamie,Gay,PJ DeBoy
1998,Show Me Love,Agnes Ahlberg,Lesbian,Rebecka Liljeberg
1995,Showgirls,Cristal Connors,Bisexual,Gina Gershon
1995,Showgirls,Nomi Malone,Bisexual,Elizabeth Berkley
2005,Sin City,Lucille,Lesbian,Carla Gugino
2012,Skyfall,Raoul Silva,Bisexual,Javier Bardem
1984,Sleepaway Camp,Angela Baker,Trans woman,Felissa Rose
1996,Sling Blade,Vaughn Cunningham,Gay,John Ritter
1991,Soapdish,Montana Moorehead,Trans woman,Cathy Moriarty
2003,Soldier's Girl,Calpernia Addams,Trans woman,Lee Pace
2003,SpiderBabe,Patricia Porker,Bisexual,Erin Brown
2016,Star Trek Beyond,Hikaru Sulu,Gay,John Cho
1980,Stir Crazy,Rory Schultebrand,Gay,Georg Stanford Brown
2016,Suicide Squad,Harley Quinn,Bisexual,Margot Robbie
1999,Summer of Sam,Ritchie,Bisexual,Adrien Brody
2008,Sunshine Cleaning,Lynn,Lesbian,Mary Lynn Rajskub
1976,Swashbuckler,Lord Durant,Gay,Peter Boyle
2015,Tangerine,Alexandra,Trans woman,Mya Taylor
2015,Tangerine,Sin-Dee Rella,Trans woman,Kitana Kiki Rodriguez
2006,The Architect,Martin Waters,Gay,Sebastian Stan
2006,The Architect,Shawn,Gay,Paul James
2011,The Best Exotic Marigold Hotel,Graham Dashwood,Gay,Tom Wilkinson
1996,The Birdcage,Agador,Gay,Hank Azaria
1996,The Birdcage,Albert Goldman,Gay,Nathan Lane
1996,The Birdcage,Armand Goldman,Gay,Robin Williams
2013,The Bling Ring,Marc Hall,Gay,Israel Broussard
1999,The Boondock Saints,Paul Smecker,Gay,Willem Dafoe
2006,The Bubble,Ashraf,Gay,Yousef 'Joe' Sweid
2006,The Bubble,Noam,Gay,Ohad Knoller
2006,The Bubble,Yali,Gay,Alon Friedman
1961,The Children's Hour,Martha Dobie,Lesbian,Shirley MacLaine
1992,The Crying Game,Dil,Trans woman,Jaye Davidson
1969,The Damned,Konstantin von Essenbeck,Gay,Reinhard Kolldehoff
2015,The Danish Girl,Lili Elbe,Trans woman,Eddie Redmayne
1995,The Doom Generation,Jordan White,Bisexual,James Duval
1995,The Doom Generation,"Xavier ""X"" Red",Bisexual,Johnathon Schaech
1982,The Emperor Caligula: The Untold Story,Fagio,Gay,
2011,The Girl with the Dragon Tattoo,"Miriam ""Mimi"" Wu",Lesbian/Bisexual,Elodie Yung
2011,The Girl with the Dragon Tattoo,Lisbeth Salander,Pansexual,Rooney Mara
2009,The Hangover,Leslie Chow,Bisexual,Ken Jeong
2011,The Hangover Part II,Leslie Chow,Bisexual,Ken Jeong
2011,The Hangover Part II,"Kimberly ""Kimmy""",Trans woman,Yasmin Lee
2013,The Hangover Part III,Leslie Chow,Bisexual,Ken Jeong
2015,The Heroes of Evil,Aritz,Gay,Jorge Clemente
2006,The History Boys,Stuart Dakin,Bisexual,Dominic Cooper
2006,The History Boys,David Posner,Gay,Samuel Barnett
2006,The History Boys,Douglas Hector,Gay,Richard Griffiths
2006,The History Boys,Tom Irwin,Gay,Stephen Campbell Moore
2002,The Hours,Clarissa Vaughan,Bisexual,Meryl Streep
2002,The Hours,Richard Brown,Gay,Ed Harris
2002,The Hours,Sally Lester,Lesbian,Allison Janney
2014,The Imitation Game,Alan Turing,Gay,Benedict Cumberbatch
2014,The Imitation Game,Christopher Morcom,Gay,Jack Bannon
1995,The Incredibly True Adventure of Two Girls in Love,Evie Roy,Lesbian,Nicole Ari Parker
1995,The Incredibly True Adventure of Two Girls in Love,Randy Dean,Lesbian,Laurel Holloman
2009,The Joneses,Mick Jones,Gay,Benjamin Hollingsworth
2010,The Kids Are All Right,Nic,Lesbian,Annette Bening
2010,The Kids Are All Right,Jules,Lesbian,Julianne Moore
2002,The Laramie Project,Matthew Shepard,Gay,
2010,The Last Exorcism,Logan,Gay,Logan Craig Reid
1971,The Last Picture Show,Coach Popper,Gay,Bill Thurman
2004,The Life Aquatic with Steve Zissou,Alistair Hennessey,Bisexual,Jeff Goldblum
1941,The Maltese Falcon,Joel Cairo,Gay,Peter Lorre
2001,The Man Who Wasn't There,Creighton Tolliver,Gay,Jon Polito
1968,The Mercenary,Ricciolo (Curly),Gay,Jack Palance
2018,The Miseducation of Cameron Post,Cameron Post,Lesbian,ChloÔ Grace Moretz
2013,The Mortal Instruments: City of Bones,Magnus Bane,Bisexual,Godfrey Gao
2013,The Mortal Instruments: City of Bones,Alec Lightwood,Gay,Kevin Zegers
2016,The Neon Demon,Ruby,Lesbian,Jena Malone
2014,The Normal Heart,"Alexander ""Ned"" Weeks",Gay,Mark Ruffalo
2014,The Normal Heart,Felix Turner,Gay,Matt Bomer
2014,The Normal Heart,Dr. Emma Brookner,Lesbian,Julia Roberts
1998,The Object of My Affection,George Hanson,Gay,Paul Rudd
2012,The Perks of Being a Wallflower,Brad,Gay,Johnny Simmons
2012,The Perks of Being a Wallflower,Patrick,Gay,Ezra Miller
1968,The Producers,Carmen Ghia,Gay,Andreas Voutsinas
1968,The Producers,Roger De Bris,Gay,Christopher Hewett
2005,The Producers,Carmen Ghia,Gay,Roger Bart
2005,The Producers,Roger De Bris,Gay,Gary Beach
1975,The Rocky Horror Picture Show,Brad Majors,Bisexual,Barry Bostwick
1975,The Rocky Horror Picture Show,Rocky,Bisexual,Peter Hinwood
1975,The Rocky Horror Picture Show,Dr. Frank-N-Furter,Trans woman,Tim Curry
2001,The Royal Tenenbaums,Margot Tennenbaum,Bisexual,Gwyneth Paltrow
2002,The Rules of Attraction,Paul Denton,Gay,Ian Somerhalder
1968,The Sergeant,Albert Callan,Gay,Rod Steiger
1991,The Silence of the Lambs,Jame Gumb,Bisexual,Ted Levine
2011,The Skin I Live In,Cristina,Lesbian,Bàrbara Lennie
1994,The Sum Of Us,Jeff Mitchell,Gay,Russell Crowe
2014,The Taking of Deborah Logan,Sarah Logan,Lesbian,Anne Ramsay
1999,The Talented Mr. Ripley,Tom Ripley,Bisexual,Matt Damon
1970,The Vampire Lovers,Carmilla Karnstein,Lesbian,Ingrid Pitt
1993,The Wedding Banquet,Wai-Tung Gao,Gay,Winston Chao
1982,The World According to Garp,Roberta Muldoon,Trans woman,John Lithgow
2017,Thor: Ragnarok,Valkyrie,Bisexual,Tessa Thompson
1995,"To Wong Foo, Thanks for Everything! Julie Newmar",Chi-Chi Rodriguez,Gay,John Leguizamo
1995,"To Wong Foo, Thanks for Everything! Julie Newmar",Noxeema Jackson,Gay,Wesley Snipes
1995,"To Wong Foo, Thanks for Everything! Julie Newmar",Vida Boheme,Gay,Patrick Swayze
2005,Transamerica,Toby,Bisexual,Kevin Zegers
2005,Transamerica,"Sabrina ""Bree"" Osbourne",Trans woman,Felicity Huffman
1999,Trick,Gabriel,Gay,Christian Campbell
1999,Trick,Mark,Gay,John Paul Pitoc
2003,Under the Tuscan Sun,Patti,Lesbian,Sandra Oh
2005,V for Vendetta,Gordon Deitrich,Gay,Stephen Fry
2005,V for Vendetta,Valerie Page,Lesbian,Natasha Wightman
2010,Valentine's Day,Holden Wilson,Gay,Bradley Cooper
2010,Valentine's Day,Sean Jackson,Gay,Eric Dane
1998,Velvet Goldmine,Arthur Stuart,Bisexual,Christian Bale
1998,Velvet Goldmine,Brian Slade,Bisexual,Jonathan Rhys Meyers
1998,Velvet Goldmine,Curt Wild,Bisexual,Ewan McGregor
1998,Velvet Goldmine,Mandy Slade,Bisexual,Toni Collette
1961,Victim,Melville Farr,Gay,Dirk Bogarde
1982,Victor/Victoria,Richard DiNardo,Bisexual,Malcolm Jamieson
1982,Victor/Victoria,'Squash' Bernstein,Gay,Alex Karras
1982,Victor/Victoria,"Carroll ""Toddy"" Todd",Gay,Robert Preston
1997,Waiting for Guffman,Corky St. Clair,Gay,Christopher Guest
2007,Walk Hard: The Dewey Cox Story,Dewey Cox,Bisexual,John C. Reilly
2005,Wedding Crashers,Todd Cleary,Gay,Keir O'Donnell
2006,Wedding Wars,Shel,Gay,John Stamos
2001,Wet Hot American Summer,Ben,Gay,Bradley Cooper
2001,Wet Hot American Summer,McKinley,Gay,Michael Ian Black
2005,Where the Truth Lies,Vince Collins,Bisexual,Colin Firth
2004,White Chicks,Aubrey Allure,Gay,Kevin Blatch
2009,Woman on Top,Monica Jones,Trans woman,Harold Perrineau Jr.
2000,Wonder Boys,"Terry ""Crabs"" Crabtree",Bisexual,Robert Downey Jr.
2000,Wonder Boys,James Leer,Gay,Tobey Maguire
2010,Yes or No,Pie,Bisexual,Sushar Manaying
2010,Yes or No,Kim,Lesbian,Supanart Jittaleela
1981,"Zorro, the Gay Blade",Bunny Wigglesworth,Gay,George Hamilton